Date,PortfolioValue,Return,Cost,Weights
2020-03-16,85175.72658052195,-0.1473901243190996,100.0,"{'AAPL': 0.0, 'AMZN': 0.0, 'GOOG': 0.0, 'MSFT': 1.0, 'SPY': 0.0}"
2020-03-17,90978.37407746985,0.07026613247879654,170.3514531610439,"{'AAPL': 0.0, 'AMZN': 1.0, 'GOOG': 0.0, 'MSFT': 0.0, 'SPY': 0.0}"
2020-03-18,92093.56342900869,0.012257741060410998,0.0,"{'AAPL': 0.0, 'AMZN': 1.0, 'GOOG': 0.0, 'MSFT': 0.0, 'SPY': 0.0}"
2020-03-19,94656.58382321554,0.027830613766863133,0.0,"{'AAPL': 0.0, 'AMZN': 1.0, 'GOOG': 0.0, 'MSFT': 0.0, 'SPY': 0.0}"
2020-03-20,92903.27899041362,-0.018522798541689034,0.0,"{'AAPL': 0.0, 'AMZN': 1.0, 'GOOG': 0.0, 'MSFT': 0.0, 'SPY': 0.0}"
2020-03-23,95758.68835188948,0.030735291504301987,0.0,"{'AAPL': 0.0, 'AMZN': 1.0, 'GOOG': 0.0, 'MSFT': 0.0, 'SPY': 0.0}"
2020-03-24,97634.27177583017,0.019586561347294085,0.0,"{'AAPL': 0.0, 'AMZN': 1.0, 'GOOG': 0.0, 'MSFT': 0.0, 'SPY': 0.0}"
2020-03-25,94903.6750380902,-0.027967604900146936,0.0,"{'AAPL': 0.0, 'AMZN': 1.0, 'GOOG': 0.0, 'MSFT': 0.0, 'SPY': 0.0}"
2020-03-26,98408.7642841358,0.03693312450375408,0.0,"{'AAPL': 0.0, 'AMZN': 1.0, 'GOOG': 0.0, 'MSFT': 0.0, 'SPY': 0.0}"
2020-03-27,95621.29771180816,-0.028325389436650084,0.0,"{'AAPL': 0.0, 'AMZN': 1.0, 'GOOG': 0.0, 'MSFT': 0.0, 'SPY': 0.0}"
2020-03-30,98834.51247599082,0.03360354691971379,0.0,"{'AAPL': 0.0, 'AMZN': 1.0, 'GOOG': 0.0, 'MSFT': 0.0, 'SPY': 0.0}"
2020-03-31,98118.3948640578,-0.007245622950859176,0.0,"{'AAPL': 0.0, 'AMZN': 1.0, 'GOOG': 0.0, 'MSFT': 0.0, 'SPY': 0.0}"
2020-04-01,96003.76769845981,-0.02155179126735396,0.0,"{'AAPL': 0.0, 'AMZN': 1.0, 'GOOG': 0.0, 'MSFT': 0.0, 'SPY': 0.0}"
2020-04-02,96563.87337016633,0.005834205106051371,0.0,"{'AAPL': 0.0, 'AMZN': 1.0, 'GOOG': 0.0, 'MSFT': 0.0, 'SPY': 0.0}"
2020-04-03,95947.90379802433,-0.0063788821910731874,0.0,"{'AAPL': 0.0, 'AMZN': 1.0, 'GOOG': 0.0, 'MSFT': 0.0, 'SPY': 0.0}"
2020-04-06,100527.42286522916,0.04772922477644714,0.0,"{'AAPL': 0.0, 'AMZN': 1.0, 'GOOG': 0.0, 'MSFT': 0.0, 'SPY': 0.0}"
2020-04-07,101232.46752260163,0.007013456003121421,0.0,"{'AAPL': 0.0, 'AMZN': 1.0, 'GOOG': 0.0, 'MSFT': 0.0, 'SPY': 0.0}"
2020-04-08,102812.65185570347,0.015609461784076739,0.0,"{'AAPL': 0.0, 'AMZN': 1.0, 'GOOG': 0.0, 'MSFT': 0.0, 'SPY': 0.0}"
2020-04-09,102800.57296699076,-0.00011748445832981957,0.0,"{'AAPL': 0.0, 'AMZN': 1.0, 'GOOG': 0.0, 'MSFT': 0.0, 'SPY': 0.0}"
2020-04-13,109146.97313860849,0.0617350661426328,0.0,"{'AAPL': 0.0, 'AMZN': 1.0, 'GOOG': 0.0, 'MSFT': 0.0, 'SPY': 0.0}"
2020-04-14,114906.59886515717,0.052769449861283624,0.0,"{'AAPL': 0.0, 'AMZN': 1.0, 'GOOG': 0.0, 'MSFT': 0.0, 'SPY': 0.0}"
2020-04-15,116132.50240452815,0.010668695718768717,0.0,"{'AAPL': 0.0, 'AMZN': 1.0, 'GOOG': 0.0, 'MSFT': 0.0, 'SPY': 0.0}"
2020-04-16,121190.60040379362,0.043554542393708484,0.0,"{'AAPL': 0.0, 'AMZN': 1.0, 'GOOG': 0.0, 'MSFT': 0.0, 'SPY': 0.0}"
2020-04-17,119520.33505130914,-0.013782136130354505,0.0,"{'AAPL': 0.0, 'AMZN': 1.0, 'GOOG': 0.0, 'MSFT': 0.0, 'SPY': 0.0}"
2020-04-20,120456.86742586762,0.007835757606907912,0.0,"{'AAPL': 0.0, 'AMZN': 1.0, 'GOOG': 0.0, 'MSFT': 0.0, 'SPY': 0.0}"
2020-04-21,117161.12766677361,-0.02736033095931456,0.0,"{'AAPL': 0.0, 'AMZN': 1.0, 'GOOG': 0.0, 'MSFT': 0.0, 'SPY': 0.0}"
2020-04-22,118941.10127293806,0.015192527091639096,0.0,"{'AAPL': 0.0, 'AMZN': 1.0, 'GOOG': 0.0, 'MSFT': 0.0, 'SPY': 0.0}"
2020-04-23,120750.76913380822,0.015214823484082762,0.0,"{'AAPL': 0.0, 'AMZN': 1.0, 'GOOG': 0.0, 'MSFT': 0.0, 'SPY': 0.0}"
2020-04-24,121292.76031188898,0.004488511186874211,0.0,"{'AAPL': 0.0, 'AMZN': 1.0, 'GOOG': 0.0, 'MSFT': 0.0, 'SPY': 0.0}"
2020-04-27,119570.66247446436,-0.01419786171076054,0.0,"{'AAPL': 0.0, 'AMZN': 1.0, 'GOOG': 0.0, 'MSFT': 0.0, 'SPY': 0.0}"
2020-04-28,116454.57794761621,-0.0260606110425593,0.0,"{'AAPL': 0.0, 'AMZN': 1.0, 'GOOG': 0.0, 'MSFT': 0.0, 'SPY': 0.0}"
2020-04-29,119405.0903203489,0.02533616474965794,0.0,"{'AAPL': 0.0, 'AMZN': 1.0, 'GOOG': 0.0, 'MSFT': 0.0, 'SPY': 0.0}"
2020-04-30,124502.44278820904,0.042689574239964,0.0,"{'AAPL': 0.0, 'AMZN': 1.0, 'GOOG': 0.0, 'MSFT': 0.0, 'SPY': 0.0}"
2020-05-01,115043.48269871908,-0.07597409237648922,0.0,"{'AAPL': 0.0, 'AMZN': 1.0, 'GOOG': 0.0, 'MSFT': 0.0, 'SPY': 0.0}"
2020-05-04,116550.69457191185,0.013101236487597756,0.0,"{'AAPL': 0.0, 'AMZN': 1.0, 'GOOG': 0.0, 'MSFT': 0.0, 'SPY': 0.0}"
2020-05-05,116641.78152544665,0.0007815221854263754,0.0,"{'AAPL': 0.0, 'AMZN': 1.0, 'GOOG': 0.0, 'MSFT': 0.0, 'SPY': 0.0}"
2020-05-06,118325.63850731544,0.014436139090531874,0.0,"{'AAPL': 0.0, 'AMZN': 1.0, 'GOOG': 0.0, 'MSFT': 0.0, 'SPY': 0.0}"
2020-05-07,119148.43889158525,0.006953694859791026,0.0,"{'AAPL': 0.0, 'AMZN': 1.0, 'GOOG': 0.0, 'MSFT': 0.0, 'SPY': 0.0}"
2020-05-08,119752.32957501453,0.005068389389295991,0.0,"{'AAPL': 0.0, 'AMZN': 1.0, 'GOOG': 0.0, 'MSFT': 0.0, 'SPY': 0.0}"
2020-05-11,121283.33972626564,0.013432782234717482,76.56828887958591,"{'AAPL': 0.31969436064967094, 'AMZN': 0.6803056393503291, 'GOOG': 0.0, 'MSFT': 0.0, 'SPY': 0.0}"
2020-05-12,119224.64097801804,-0.01664418863199452,40.71360891197699,"{'AAPL': 0.4875393796105063, 'AMZN': 0.5124606203894937, 'GOOG': 0.0, 'MSFT': 0.0, 'SPY': 0.0}"
2020-05-13,117804.68810202912,-0.011020812954589322,107.18163696528143,"{'AAPL': 0.9370338636620161, 'AMZN': 0.06296613633798388, 'GOOG': 0.0, 'MSFT': 0.0, 'SPY': 0.0}"
2020-05-14,118584.68406429997,0.007533054567170702,106.62993237122268,"{'AAPL': 0.4844630276063581, 'AMZN': 0.5155369723936418, 'GOOG': 0.0, 'MSFT': 0.0, 'SPY': 0.0}"
2020-05-15,118714.48353044283,0.0011615828704847541,7.937251792369254,"{'AAPL': 0.5179296251480164, 'AMZN': 0.48207037485198356, 'GOOG': 0.0, 'MSFT': 0.0, 'SPY': 0.0}"
2020-05-18,119673.67092284514,0.008878708673966888,94.0092415763094,"{'AAPL': 0.12198281739308096, 'AMZN': 0.8780171826069191, 'GOOG': 0.0, 'MSFT': 0.0, 'SPY': 0.0}"
2020-05-19,119126.0931680451,-0.003165857240610398,169.24379890471283,"{'AAPL': 0.829088221612803, 'AMZN': 0.17091177838719696, 'GOOG': 0.0, 'MSFT': 0.0, 'SPY': 0.0}"
2020-05-20,121359.3231448464,0.01970280692083214,111.68787155313582,"{'AAPL': 0.3603081727465004, 'AMZN': 0.6396918272534996, 'GOOG': 0.0, 'MSFT': 0.0, 'SPY': 0.0}"
2020-05-21,119593.8789025908,-0.01432452392674302,27.422528803899137,"{'AAPL': 0.4732888984677927, 'AMZN': 0.5267111015322073, 'GOOG': 0.0, 'MSFT': 0.0, 'SPY': 0.0}"
2020-05-22,120237.07418605602,0.00643836676002385,125.982847386586,"{'AAPL': 1.0, 'AMZN': 0.0, 'GOOG': 0.0, 'MSFT': 0.0, 'SPY': 0.0}"
2020-05-26,119422.64190951076,-0.006773553681828637,0.0,"{'AAPL': 1.0, 'AMZN': 0.0, 'GOOG': 0.0, 'MSFT': 0.0, 'SPY': 0.0}"
2020-05-27,119942.94003229075,0.004356779539128164,0.0,"{'AAPL': 1.0, 'AMZN': 0.0, 'GOOG': 0.0, 'MSFT': 0.0, 'SPY': 0.0}"
2020-05-28,119995.77409911081,0.0004404933446340298,0.0,"{'AAPL': 1.0, 'AMZN': 0.0, 'GOOG': 0.0, 'MSFT': 0.0, 'SPY': 0.0}"
2020-05-29,119878.8487743139,-0.0009744120213794893,0.0,"{'AAPL': 1.0, 'AMZN': 0.0, 'GOOG': 0.0, 'MSFT': 0.0, 'SPY': 0.0}"
2020-06-01,121196.98390942128,0.011209910994763607,25.41123215666254,"{'AAPL': 0.8940128620833597, 'AMZN': 0.0, 'GOOG': 0.10598713791664027, 'MSFT': 0.0, 'SPY': 0.0}"
2020-06-02,121732.23150129139,0.00462929972641013,25.69064289737733,"{'AAPL': 1.0, 'AMZN': 0.0, 'GOOG': 0.0, 'MSFT': 0.0, 'SPY': 0.0}"
2020-06-03,122402.38681122495,0.00550515916506833,0.0,"{'AAPL': 1.0, 'AMZN': 0.0, 'GOOG': 0.0, 'MSFT': 0.0, 'SPY': 0.0}"
2020-06-04,121348.24838017552,-0.008612074147501536,0.0,"{'AAPL': 1.0, 'AMZN': 0.0, 'GOOG': 0.0, 'MSFT': 0.0, 'SPY': 0.0}"
2020-06-05,124804.36889107605,0.028481008642768035,0.0,"{'AAPL': 1.0, 'AMZN': 0.0, 'GOOG': 0.0, 'MSFT': 0.0, 'SPY': 0.0}"
2020-06-08,125542.22670633976,0.005912115271442753,0.0,"{'AAPL': 1.0, 'AMZN': 0.0, 'GOOG': 0.0, 'MSFT': 0.0, 'SPY': 0.0}"
2020-06-09,129506.6134713914,0.03157811414580758,0.0,"{'AAPL': 1.0, 'AMZN': 0.0, 'GOOG': 0.0, 'MSFT': 0.0, 'SPY': 0.0}"
2020-06-10,132838.5100711823,0.025727617381694046,0.0,"{'AAPL': 1.0, 'AMZN': 0.0, 'GOOG': 0.0, 'MSFT': 0.0, 'SPY': 0.0}"
2020-06-11,126460.87721603306,-0.04801042146386436,0.0,"{'AAPL': 1.0, 'AMZN': 0.0, 'GOOG': 0.0, 'MSFT': 0.0, 'SPY': 0.0}"
2020-06-12,127552.65710298507,0.008633341085298119,0.0,"{'AAPL': 1.0, 'AMZN': 0.0, 'GOOG': 0.0, 'MSFT': 0.0, 'SPY': 0.0}"
2020-06-15,129130.15153482497,0.01236739765104411,0.0,"{'AAPL': 1.0, 'AMZN': 0.0, 'GOOG': 0.0, 'MSFT': 0.0, 'SPY': 0.0}"
2020-06-16,132552.36157113485,0.026502021376370477,0.0,"{'AAPL': 1.0, 'AMZN': 0.0, 'GOOG': 0.0, 'MSFT': 0.0, 'SPY': 0.0}"
2020-06-17,132367.8852729338,-0.0013917239648879587,0.0,"{'AAPL': 1.0, 'AMZN': 0.0, 'GOOG': 0.0, 'MSFT': 0.0, 'SPY': 0.0}"
2020-06-18,132420.61647547578,0.00039836855014518946,0.0,"{'AAPL': 1.0, 'AMZN': 0.0, 'GOOG': 0.0, 'MSFT': 0.0, 'SPY': 0.0}"
2020-06-19,131663.8905547203,-0.005714562738768247,0.0,"{'AAPL': 1.0, 'AMZN': 0.0, 'GOOG': 0.0, 'MSFT': 0.0, 'SPY': 0.0}"
2020-06-22,135108.72336660413,0.02616383882756468,0.0,"{'AAPL': 1.0, 'AMZN': 0.0, 'GOOG': 0.0, 'MSFT': 0.0, 'SPY': 0.0}"
2020-06-23,137992.57056618,0.021344641024775513,0.0,"{'AAPL': 1.0, 'AMZN': 0.0, 'GOOG': 0.0, 'MSFT': 0.0, 'SPY': 0.0}"
2020-06-24,135556.7372336638,-0.017651916494649145,0.0,"{'AAPL': 1.0, 'AMZN': 0.0, 'GOOG': 0.0, 'MSFT': 0.0, 'SPY': 0.0}"
2020-06-25,137356.30204206685,0.013275362369493227,0.0,"{'AAPL': 1.0, 'AMZN': 0.0, 'GOOG': 0.0, 'MSFT': 0.0, 'SPY': 0.0}"
2020-06-26,133135.9462702465,-0.03072560711868777,0.0,"{'AAPL': 1.0, 'AMZN': 0.0, 'GOOG': 0.0, 'MSFT': 0.0, 'SPY': 0.0}"
2020-06-29,136204.26976802343,0.023046544406186698,0.0,"{'AAPL': 1.0, 'AMZN': 0.0, 'GOOG': 0.0, 'MSFT': 0.0, 'SPY': 0.0}"
2020-06-30,137341.23598419773,0.0083475078873132,0.0,"{'AAPL': 1.0, 'AMZN': 0.0, 'GOOG': 0.0, 'MSFT': 0.0, 'SPY': 0.0}"
2020-07-01,137081.4649298064,-0.0018914279642949783,0.0,"{'AAPL': 1.0, 'AMZN': 0.0, 'GOOG': 0.0, 'MSFT': 0.0, 'SPY': 0.0}"
2020-07-02,137358.58200138854,0.004029609482701257,274.1629298596128,"{'AAPL': 0.0, 'AMZN': 1.0, 'GOOG': 0.0, 'MSFT': 0.0, 'SPY': 0.0}"
2020-07-06,145282.73710143164,0.05768955229869066,0.0,"{'AAPL': 0.0, 'AMZN': 1.0, 'GOOG': 0.0, 'MSFT': 0.0, 'SPY': 0.0}"
2020-07-07,142577.66381346472,-0.018619371729473477,0.0,"{'AAPL': 0.0, 'AMZN': 1.0, 'GOOG': 0.0, 'MSFT': 0.0, 'SPY': 0.0}"
2020-07-08,146426.6311393079,0.026995584181255694,0.0,"{'AAPL': 0.0, 'AMZN': 1.0, 'GOOG': 0.0, 'MSFT': 0.0, 'SPY': 0.0}"
2020-07-09,151251.27023219195,0.032949191382365184,0.0,"{'AAPL': 0.0, 'AMZN': 1.0, 'GOOG': 0.0, 'MSFT': 0.0, 'SPY': 0.0}"
2020-07-10,152076.76167209254,0.005457748808544549,0.0,"{'AAPL': 0.0, 'AMZN': 1.0, 'GOOG': 0.0, 'MSFT': 0.0, 'SPY': 0.0}"
2020-07-13,147514.45592129574,-0.030000019073486373,0.0,"{'AAPL': 0.0, 'AMZN': 1.0, 'GOOG': 0.0, 'MSFT': 0.0, 'SPY': 0.0}"
2020-07-14,146563.97616084517,-0.006443299095769239,0.0,"{'AAPL': 0.0, 'AMZN': 1.0, 'GOOG': 0.0, 'MSFT': 0.0, 'SPY': 0.0}"
2020-07-15,142993.49870866185,-0.02436122126125273,0.0,"{'AAPL': 0.0, 'AMZN': 1.0, 'GOOG': 0.0, 'MSFT': 0.0, 'SPY': 0.0}"
2020-07-16,140951.5718328275,-0.012304467069470193,285.9869974173237,"{'AAPL': 1.0, 'AMZN': 0.0, 'GOOG': 0.0, 'MSFT': 0.0, 'SPY': 0.0}"
2020-07-17,139477.23484285604,-0.009133054122999026,188.74245071817876,"{'AAPL': 0.3304705713320012, 'AMZN': 0.6695294286679988, 'GOOG': 0.0, 'MSFT': 0.0, 'SPY': 0.0}"
2020-07-20,142225.8426365561,0.021073775483159585,186.7682267130594,"{'AAPL': 1.0, 'AMZN': 0.0, 'GOOG': 0.0, 'MSFT': 0.0, 'SPY': 0.0}"
2020-07-21,139341.74850286698,-0.018314900474015072,284.4516852731122,"{'AAPL': 0.0, 'AMZN': 1.0, 'GOOG': 0.0, 'MSFT': 0.0, 'SPY': 0.0}"
2020-07-22,137637.65046640945,-0.012229630062539742,0.0,"{'AAPL': 0.0, 'AMZN': 1.0, 'GOOG': 0.0, 'MSFT': 0.0, 'SPY': 0.0}"
2020-07-23,132604.40686389655,-0.036568799201794455,0.0,"{'AAPL': 0.0, 'AMZN': 1.0, 'GOOG': 0.0, 'MSFT': 0.0, 'SPY': 0.0}"
2020-07-24,133597.19938825333,0.007486874288995304,0.0,"{'AAPL': 0.0, 'AMZN': 1.0, 'GOOG': 0.0, 'MSFT': 0.0, 'SPY': 0.0}"
2020-07-27,135652.946165544,0.015387648743417026,0.0,"{'AAPL': 0.0, 'AMZN': 1.0, 'GOOG': 0.0, 'MSFT': 0.0, 'SPY': 0.0}"
2020-07-28,133216.24206902838,-0.017962780502695397,0.0,"{'AAPL': 0.0, 'AMZN': 1.0, 'GOOG': 0.0, 'MSFT': 0.0, 'SPY': 0.0}"
2020-07-29,134690.34296742704,0.011065474265779418,0.0,"{'AAPL': 0.0, 'AMZN': 1.0, 'GOOG': 0.0, 'MSFT': 0.0, 'SPY': 0.0}"
2020-07-30,135505.0889267966,0.006049030252796905,0.0,"{'AAPL': 0.0, 'AMZN': 1.0, 'GOOG': 0.0, 'MSFT': 0.0, 'SPY': 0.0}"
2020-07-31,140513.46834005901,0.036960821567137314,0.0,"{'AAPL': 0.0, 'AMZN': 1.0, 'GOOG': 0.0, 'MSFT': 0.0, 'SPY': 0.0}"
2020-08-03,143765.96261602128,0.02519760176233543,281.026936680118,"{'AAPL': 1.0, 'AMZN': 0.0, 'GOOG': 0.0, 'MSFT': 0.0, 'SPY': 0.0}"
2020-08-04,144726.02298462458,0.006677939278071587,0.0,"{'AAPL': 1.0, 'AMZN': 0.0, 'GOOG': 0.0, 'MSFT': 0.0, 'SPY': 0.0}"
2020-08-05,145250.63399885196,0.0036248561482485897,0.0,"{'AAPL': 1.0, 'AMZN': 0.0, 'GOOG': 0.0, 'MSFT': 0.0, 'SPY': 0.0}"
2020-08-06,150318.31702437994,0.03488923170943292,0.0,"{'AAPL': 1.0, 'AMZN': 0.0, 'GOOG': 0.0, 'MSFT': 0.0, 'SPY': 0.0}"
2020-08-07,146900.69558984018,-0.022735894747846763,0.0,"{'AAPL': 1.0, 'AMZN': 0.0, 'GOOG': 0.0, 'MSFT': 0.0, 'SPY': 0.0}"
2020-08-10,149035.88379993648,0.014534908779859856,0.0,"{'AAPL': 1.0, 'AMZN': 0.0, 'GOOG': 0.0, 'MSFT': 0.0, 'SPY': 0.0}"
2020-08-11,144603.56323341065,-0.02973995559670528,0.0,"{'AAPL': 1.0, 'AMZN': 0.0, 'GOOG': 0.0, 'MSFT': 0.0, 'SPY': 0.0}"
2020-08-12,149409.3974588137,0.033234549121350154,0.0,"{'AAPL': 1.0, 'AMZN': 0.0, 'GOOG': 0.0, 'MSFT': 0.0, 'SPY': 0.0}"
2020-08-13,152053.544089068,0.017697324768230605,0.0,"{'AAPL': 1.0, 'AMZN': 0.0, 'GOOG': 0.0, 'MSFT': 0.0, 'SPY': 0.0}"
2020-08-14,151918.04742926577,-0.0008911114871670289,0.0,"{'AAPL': 1.0, 'AMZN': 0.0, 'GOOG': 0.0, 'MSFT': 0.0, 'SPY': 0.0}"
2020-08-17,151521.40778923035,-0.0026108790018520844,0.0,"{'AAPL': 1.0, 'AMZN': 0.0, 'GOOG': 0.0, 'MSFT': 0.0, 'SPY': 0.0}"
2020-08-18,152784.00539877554,0.008332800149939867,0.0,"{'AAPL': 1.0, 'AMZN': 0.0, 'GOOG': 0.0, 'MSFT': 0.0, 'SPY': 0.0}"
2020-08-19,152975.72891671694,0.001254866420349332,0.0,"{'AAPL': 1.0, 'AMZN': 0.0, 'GOOG': 0.0, 'MSFT': 0.0, 'SPY': 0.0}"
2020-08-20,156370.17247157704,0.02218942559644943,0.0,"{'AAPL': 1.0, 'AMZN': 0.0, 'GOOG': 0.0, 'MSFT': 0.0, 'SPY': 0.0}"
2020-08-21,164428.30020158805,0.05153238371899671,0.0,"{'AAPL': 1.0, 'AMZN': 0.0, 'GOOG': 0.0, 'MSFT': 0.0, 'SPY': 0.0}"
2020-08-24,166394.9116343097,0.011960297773014883,0.0,"{'AAPL': 1.0, 'AMZN': 0.0, 'GOOG': 0.0, 'MSFT': 0.0, 'SPY': 0.0}"
2020-08-25,165029.8559637175,-0.008203710421098909,0.0,"{'AAPL': 1.0, 'AMZN': 0.0, 'GOOG': 0.0, 'MSFT': 0.0, 'SPY': 0.0}"
2020-08-26,167274.12448619786,0.013599166704561405,0.0,"{'AAPL': 1.0, 'AMZN': 0.0, 'GOOG': 0.0, 'MSFT': 0.0, 'SPY': 0.0}"
2020-08-27,165274.45369531238,-0.011954453786727104,0.0,"{'AAPL': 1.0, 'AMZN': 0.0, 'GOOG': 0.0, 'MSFT': 0.0, 'SPY': 0.0}"
2020-08-28,165006.74036226358,-0.0016198107273271978,0.0,"{'AAPL': 1.0, 'AMZN': 0.0, 'GOOG': 0.0, 'MSFT': 0.0, 'SPY': 0.0}"
2020-08-31,170602.45970443464,0.03391206522767476,0.0,"{'AAPL': 1.0, 'AMZN': 0.0, 'GOOG': 0.0, 'MSFT': 0.0, 'SPY': 0.0}"
2020-09-01,177398.03134371762,0.03983278817348923,0.0,"{'AAPL': 1.0, 'AMZN': 0.0, 'GOOG': 0.0, 'MSFT': 0.0, 'SPY': 0.0}"
2020-09-02,173722.62995313463,-0.020718388827335454,0.0,"{'AAPL': 1.0, 'AMZN': 0.0, 'GOOG': 0.0, 'MSFT': 0.0, 'SPY': 0.0}"
2020-09-03,159814.2206332392,-0.0800610106101175,0.0,"{'AAPL': 1.0, 'AMZN': 0.0, 'GOOG': 0.0, 'MSFT': 0.0, 'SPY': 0.0}"
2020-09-04,159919.97944025046,0.0006617609283592341,0.0,"{'AAPL': 1.0, 'AMZN': 0.0, 'GOOG': 0.0, 'MSFT': 0.0, 'SPY': 0.0}"
2020-09-08,149158.17747588176,-0.06729491838378798,0.0,"{'AAPL': 1.0, 'AMZN': 0.0, 'GOOG': 0.0, 'MSFT': 0.0, 'SPY': 0.0}"
2020-09-09,155107.60600114465,0.03988670702432584,0.0,"{'AAPL': 1.0, 'AMZN': 0.0, 'GOOG': 0.0, 'MSFT': 0.0, 'SPY': 0.0}"
2020-09-10,150043.98143999407,-0.03264588173137828,0.0,"{'AAPL': 1.0, 'AMZN': 0.0, 'GOOG': 0.0, 'MSFT': 0.0, 'SPY': 0.0}"
2020-09-11,148074.0900207167,-0.013128759983386251,0.0,"{'AAPL': 1.0, 'AMZN': 0.0, 'GOOG': 0.0, 'MSFT': 0.0, 'SPY': 0.0}"
2020-09-14,151331.07618988524,0.02286320156038958,125.59020272741557,"{'AAPL': 0.5759210719787489, 'AMZN': 0.0, 'GOOG': 0.0, 'MSFT': 0.0, 'SPY': 0.4240789280212511}"
2020-09-15,151438.61852790278,0.0015601238761768776,128.35264113381763,"{'AAPL': 1.0, 'AMZN': 0.0, 'GOOG': 0.0, 'MSFT': 0.0, 'SPY': 0.0}"
2020-09-16,147287.5839735737,-0.027237315334623258,26.988234703830614,"{'AAPL': 0.9108938163654141, 'AMZN': 0.0, 'GOOG': 0.0, 'MSFT': 0.0, 'SPY': 0.08910618363458589}"
2020-09-17,145726.11664921883,-0.008795722746724133,268.32669893785993,"{'AAPL': 0.0, 'AMZN': 0.0, 'GOOG': 0.0, 'MSFT': 0.0, 'SPY': 1.0}"
2020-09-18,144048.4480169252,-0.011512477453386127,0.0,"{'AAPL': 0.0, 'AMZN': 0.0, 'GOOG': 0.0, 'MSFT': 0.0, 'SPY': 1.0}"
2020-09-21,142445.2562977325,-0.011129531357424338,0.0,"{'AAPL': 0.0, 'AMZN': 0.0, 'GOOG': 0.0, 'MSFT': 0.0, 'SPY': 1.0}"
2020-09-22,143981.2252805827,0.011127843067495407,48.598676494804735,"{'AAPL': 0.17058720577267253, 'AMZN': 0.0, 'GOOG': 0.0, 'MSFT': 0.0, 'SPY': 0.8294127942273275}"
2020-09-23,139769.1626488368,-0.0289855196512153,39.84698246273074,"{'AAPL': 0.30896282518096385, 'AMZN': 0.0, 'GOOG': 0.0, 'MSFT': 0.0, 'SPY': 0.6910371748190361}"
2020-09-24,140055.07661327298,0.002665188030536836,86.36695073032453,"{'AAPL': 0.0, 'AMZN': 0.0, 'GOOG': 0.0, 'MSFT': 0.0, 'SPY': 1.0}"
2020-09-25,142319.36501406375,0.016167128357960525,0.0,"{'AAPL': 0.0, 'AMZN': 0.0, 'GOOG': 0.0, 'MSFT': 0.0, 'SPY': 1.0}"
2020-09-28,144988.8906384738,0.01959632460834391,117.11581100964221,"{'AAPL': 0.41145423533216663, 'AMZN': 0.0, 'GOOG': 0.0, 'MSFT': 0.0, 'SPY': 0.5885457646678334}"
2020-09-29,143950.46726881116,-0.006754528873225392,59.493572602055146,"{'AAPL': 0.61662020473875, 'AMZN': 0.0, 'GOOG': 0.0, 'MSFT': 0.0, 'SPY': 0.38337979526125004}"
2020-09-30,145493.4976886322,0.01103442136335486,44.884417895126454,"{'AAPL': 0.46071790463954326, 'AMZN': 0.0, 'GOOG': 0.0, 'MSFT': 0.0, 'SPY': 0.5392820953604567}"
2020-10-01,146565.33736146224,0.007819439030490956,65.32704086598172,"{'AAPL': 0.6852194868538456, 'AMZN': 0.0, 'GOOG': 0.0, 'MSFT': 0.0, 'SPY': 0.3147805131461545}"
2020-10-02,142872.56846580826,-0.025188456247839417,1.0405170942948962,"{'AAPL': 0.6887691566223828, 'AMZN': 0.0, 'GOOG': 0.0, 'MSFT': 0.0, 'SPY': 0.3112308433776172}"
2020-10-05,145205.81402737185,0.017732921618621722,196.8124369733368,"{'AAPL': 0.0, 'AMZN': 0.0, 'GOOG': 0.0, 'MSFT': 0.0, 'SPY': 1.0}"
2020-10-06,143141.57563837522,-0.014215948602495532,0.0,"{'AAPL': 0.0, 'AMZN': 0.0, 'GOOG': 0.0, 'MSFT': 0.0, 'SPY': 1.0}"
2020-10-07,145633.22926703107,0.017406917714463566,0.0,"{'AAPL': 0.0, 'AMZN': 0.0, 'GOOG': 0.0, 'MSFT': 0.0, 'SPY': 1.0}"
2020-10-08,146923.89391985186,0.00886243242230278,0.0,"{'AAPL': 0.0, 'AMZN': 0.0, 'GOOG': 0.0, 'MSFT': 0.0, 'SPY': 1.0}"
2020-10-09,148235.9426646342,0.008930125044862125,0.0,"{'AAPL': 0.0, 'AMZN': 0.0, 'GOOG': 0.0, 'MSFT': 0.0, 'SPY': 1.0}"
2020-10-12,150620.67583348232,0.016087415278515094,0.0,"{'AAPL': 0.0, 'AMZN': 0.0, 'GOOG': 0.0, 'MSFT': 0.0, 'SPY': 1.0}"
2020-10-13,150349.99990547638,0.00020333647320058823,301.24135166696465,"{'AAPL': 0.0, 'AMZN': 1.0, 'GOOG': 0.0, 'MSFT': 0.0, 'SPY': 0.0}"
2020-10-14,146860.66499736675,-0.023208080547411636,0.0,"{'AAPL': 0.0, 'AMZN': 1.0, 'GOOG': 0.0, 'MSFT': 0.0, 'SPY': 0.0}"
2020-10-15,145769.65955817912,-0.005965338361003487,216.22171625482406,"{'AAPL': 0.0, 'AMZN': 0.26385422448311485, 'GOOG': 0.0, 'MSFT': 0.7361457755168852, 'SPY': 0.0}"
2020-10-16,145670.97186731198,-0.00014938157221232068,76.92388095178204,"{'AAPL': 0.0, 'AMZN': 0.0, 'GOOG': 0.0, 'MSFT': 0.7528767669310527, 'SPY': 0.24712323306894735}"
2020-10-19,142081.0274831965,-0.02426426218600778,56.7220484928544,"{'AAPL': 0.0, 'AMZN': 0.0, 'GOOG': 0.0, 'MSFT': 0.9475691197236223, 'SPY': 0.05243088027637767}"
2020-10-20,142379.78454029787,0.00400545221483517,269.2631882833606,"{'AAPL': 0.0, 'AMZN': 0.0, 'GOOG': 0.0, 'MSFT': 0.0, 'SPY': 1.0}"
2020-10-21,142110.29313759838,-0.0018927645070513366,0.0,"{'AAPL': 0.0, 'AMZN': 0.0, 'GOOG': 0.0, 'MSFT': 0.0, 'SPY': 1.0}"
2020-10-22,143786.17736037675,0.013820482890014807,284.22058627519675,"{'AAPL': 0.0, 'AMZN': 0.0, 'GOOG': 1.0, 'MSFT': 0.0, 'SPY': 0.0}"
2020-10-23,146071.14629882984,0.015891436718052487,0.0,"{'AAPL': 0.0, 'AMZN': 0.0, 'GOOG': 1.0, 'MSFT': 0.0, 'SPY': 0.0}"
2020-10-26,141571.51810586866,-0.030804360114734308,0.0,"{'AAPL': 0.0, 'AMZN': 0.0, 'GOOG': 1.0, 'MSFT': 0.0, 'SPY': 0.0}"
2020-10-27,142800.7744135334,0.008682935127851676,0.0,"{'AAPL': 0.0, 'AMZN': 0.0, 'GOOG': 1.0, 'MSFT': 0.0, 'SPY': 0.0}"
2020-10-28,134999.64266322923,-0.054629477902641055,0.0,"{'AAPL': 0.0, 'AMZN': 0.0, 'GOOG': 1.0, 'MSFT': 0.0, 'SPY': 0.0}"
2020-10-29,139059.93378249105,0.030413222421717852,44.140582552417726,"{'AAPL': 0.0, 'AMZN': 0.1634840718154012, 'GOOG': 0.8365159281845989, 'MSFT': 0.0, 'SPY': 0.0}"
2020-10-30,143783.89109686008,0.03430884305243098,45.468168402283396,"{'AAPL': 0.0, 'AMZN': 0.0, 'GOOG': 1.0, 'MSFT': 0.0, 'SPY': 0.0}"
2020-11-02,144229.15020022643,0.003096724535479378,0.0,"{'AAPL': 0.0, 'AMZN': 0.0, 'GOOG': 1.0, 'MSFT': 0.0, 'SPY': 0.0}"
2020-11-03,146373.92919729205,0.01487063464000249,0.0,"{'AAPL': 0.0, 'AMZN': 0.0, 'GOOG': 1.0, 'MSFT': 0.0, 'SPY': 0.0}"
2020-11-04,155148.15029843745,0.05994387900401965,0.0,"{'AAPL': 0.0, 'AMZN': 0.0, 'GOOG': 1.0, 'MSFT': 0.0, 'SPY': 0.0}"
2020-11-05,156411.2472722445,0.008141231277185135,0.0,"{'AAPL': 0.0, 'AMZN': 0.0, 'GOOG': 1.0, 'MSFT': 0.0, 'SPY': 0.0}"
2020-11-06,156267.55020210473,-0.0009187131529593273,0.0,"{'AAPL': 0.0, 'AMZN': 0.0, 'GOOG': 1.0, 'MSFT': 0.0, 'SPY': 0.0}"
2020-11-09,156378.42521418544,0.000709520383069373,0.0,"{'AAPL': 0.0, 'AMZN': 0.0, 'GOOG': 1.0, 'MSFT': 0.0, 'SPY': 0.0}"
2020-11-10,154372.93883160813,-0.012824572058648509,0.0,"{'AAPL': 0.0, 'AMZN': 0.0, 'GOOG': 1.0, 'MSFT': 0.0, 'SPY': 0.0}"
2020-11-11,155465.69382399687,0.007078669361737955,0.0,"{'AAPL': 0.0, 'AMZN': 0.0, 'GOOG': 1.0, 'MSFT': 0.0, 'SPY': 0.0}"
2020-11-12,155211.13537786197,-0.001637393047131619,0.0,"{'AAPL': 0.0, 'AMZN': 0.0, 'GOOG': 1.0, 'MSFT': 0.0, 'SPY': 0.0}"
2020-11-13,157622.00894948706,0.015532864737802576,0.0,"{'AAPL': 0.0, 'AMZN': 0.0, 'GOOG': 1.0, 'MSFT': 0.0, 'SPY': 0.0}"
2020-11-16,158008.7419734228,0.0024535471062272496,0.0,"{'AAPL': 0.0, 'AMZN': 0.0, 'GOOG': 1.0, 'MSFT': 0.0, 'SPY': 0.0}"
2020-11-17,157012.62591973974,-0.006304183181526701,0.0,"{'AAPL': 0.0, 'AMZN': 0.0, 'GOOG': 1.0, 'MSFT': 0.0, 'SPY': 0.0}"
2020-11-18,154939.70909382962,-0.013202230163131823,0.0,"{'AAPL': 0.0, 'AMZN': 0.0, 'GOOG': 1.0, 'MSFT': 0.0, 'SPY': 0.0}"
2020-11-19,156460.02355046518,0.00981229708979825,0.0,"{'AAPL': 0.0, 'AMZN': 0.0, 'GOOG': 1.0, 'MSFT': 0.0, 'SPY': 0.0}"
2020-11-20,154532.56284973831,-0.012319189636994854,0.0,"{'AAPL': 0.0, 'AMZN': 0.0, 'GOOG': 1.0, 'MSFT': 0.0, 'SPY': 0.0}"
2020-11-23,153882.3806518511,-0.004207412249542686,0.0,"{'AAPL': 0.0, 'AMZN': 0.0, 'GOOG': 1.0, 'MSFT': 0.0, 'SPY': 0.0}"
2020-11-24,156899.9645804443,0.019609677961899274,0.0,"{'AAPL': 0.0, 'AMZN': 0.0, 'GOOG': 1.0, 'MSFT': 0.0, 'SPY': 0.0}"
2020-11-25,157126.14633242844,0.0014415666223313028,0.0,"{'AAPL': 0.0, 'AMZN': 0.0, 'GOOG': 1.0, 'MSFT': 0.0, 'SPY': 0.0}"
2020-11-27,159056.3069781057,0.012284146787344241,0.0,"{'AAPL': 0.0, 'AMZN': 0.0, 'GOOG': 1.0, 'MSFT': 0.0, 'SPY': 0.0}"
2020-11-30,156177.974755744,-0.018096309898342544,0.0,"{'AAPL': 0.0, 'AMZN': 0.0, 'GOOG': 1.0, 'MSFT': 0.0, 'SPY': 0.0}"
2020-12-01,159491.80264417655,0.021218279297162246,0.0,"{'AAPL': 0.0, 'AMZN': 0.0, 'GOOG': 1.0, 'MSFT': 0.0, 'SPY': 0.0}"
2020-12-02,162139.49411456022,0.016600799705616343,0.0,"{'AAPL': 0.0, 'AMZN': 0.0, 'GOOG': 1.0, 'MSFT': 0.0, 'SPY': 0.0}"
2020-12-03,162034.82352143127,-0.000645558897914178,0.0,"{'AAPL': 0.0, 'AMZN': 0.0, 'GOOG': 1.0, 'MSFT': 0.0, 'SPY': 0.0}"
2020-12-04,162143.03949681838,0.00066785628567545,0.0,"{'AAPL': 0.0, 'AMZN': 0.0, 'GOOG': 1.0, 'MSFT': 0.0, 'SPY': 0.0}"
2020-12-07,161388.2139779734,-0.004655306334378717,0.0,"{'AAPL': 0.0, 'AMZN': 0.0, 'GOOG': 1.0, 'MSFT': 0.0, 'SPY': 0.0}"
2020-12-08,161305.71566004347,-0.0005111793228048667,0.0,"{'AAPL': 0.0, 'AMZN': 0.0, 'GOOG': 1.0, 'MSFT': 0.0, 'SPY': 0.0}"
2020-12-09,158252.6642727832,-0.018927112252455247,0.0,"{'AAPL': 0.0, 'AMZN': 0.0, 'GOOG': 1.0, 'MSFT': 0.0, 'SPY': 0.0}"
2020-12-10,157472.09382430985,-0.004932431640631729,0.0,"{'AAPL': 0.0, 'AMZN': 0.0, 'GOOG': 1.0, 'MSFT': 0.0, 'SPY': 0.0}"
2020-12-11,158043.32308652526,0.0036274951856087867,0.0,"{'AAPL': 0.0, 'AMZN': 0.0, 'GOOG': 1.0, 'MSFT': 0.0, 'SPY': 0.0}"
2020-12-14,156117.6487130131,-0.012184471548082443,0.0,"{'AAPL': 0.0, 'AMZN': 0.0, 'GOOG': 1.0, 'MSFT': 0.0, 'SPY': 0.0}"
2020-12-15,156801.51204235273,0.004380435748150058,0.0,"{'AAPL': 0.0, 'AMZN': 0.0, 'GOOG': 1.0, 'MSFT': 0.0, 'SPY': 0.0}"
2020-12-16,156402.23465672045,-0.0005474823076431212,313.60302408470545,"{'AAPL': 1.0, 'AMZN': 0.0, 'GOOG': 0.0, 'MSFT': 0.0, 'SPY': 0.0}"
2020-12-17,157491.34348338773,0.0069635119284434666,0.0,"{'AAPL': 1.0, 'AMZN': 0.0, 'GOOG': 0.0, 'MSFT': 0.0, 'SPY': 0.0}"
2020-12-18,154994.99034959925,-0.015850732355024988,0.0,"{'AAPL': 1.0, 'AMZN': 0.0, 'GOOG': 0.0, 'MSFT': 0.0, 'SPY': 0.0}"
2020-12-21,156916.19450906263,0.012395266163957919,0.0,"{'AAPL': 1.0, 'AMZN': 0.0, 'GOOG': 0.0, 'MSFT': 0.0, 'SPY': 0.0}"
2020-12-22,161382.72228144374,0.02846441558409807,0.0,"{'AAPL': 1.0, 'AMZN': 0.0, 'GOOG': 0.0, 'MSFT': 0.0, 'SPY': 0.0}"
2020-12-23,160256.94793544404,-0.006975804659165474,0.0,"{'AAPL': 1.0, 'AMZN': 0.0, 'GOOG': 0.0, 'MSFT': 0.0, 'SPY': 0.0}"
2020-12-24,161492.9010640989,0.007712321647063591,0.0,"{'AAPL': 1.0, 'AMZN': 0.0, 'GOOG': 0.0, 'MSFT': 0.0, 'SPY': 0.0}"
2020-12-28,167268.82809305732,0.03576582618121327,0.0,"{'AAPL': 1.0, 'AMZN': 0.0, 'GOOG': 0.0, 'MSFT': 0.0, 'SPY': 0.0}"
2020-12-29,165041.62077905048,-0.01331513671374418,0.0,"{'AAPL': 1.0, 'AMZN': 0.0, 'GOOG': 0.0, 'MSFT': 0.0, 'SPY': 0.0}"
2020-12-30,163634.36688115782,-0.00852666067656116,0.0,"{'AAPL': 1.0, 'AMZN': 0.0, 'GOOG': 0.0, 'MSFT': 0.0, 'SPY': 0.0}"
2020-12-31,162373.92851293832,-0.007702772909158551,0.0,"{'AAPL': 1.0, 'AMZN': 0.0, 'GOOG': 0.0, 'MSFT': 0.0, 'SPY': 0.0}"
2021-01-04,158360.17147091645,-0.024719221113764234,0.0,"{'AAPL': 1.0, 'AMZN': 0.0, 'GOOG': 0.0, 'MSFT': 0.0, 'SPY': 0.0}"
2021-01-05,160318.1082851125,0.012363821003791076,0.0,"{'AAPL': 1.0, 'AMZN': 0.0, 'GOOG': 0.0, 'MSFT': 0.0, 'SPY': 0.0}"
2021-01-06,154921.55381244823,-0.03366154036116098,0.0,"{'AAPL': 1.0, 'AMZN': 0.0, 'GOOG': 0.0, 'MSFT': 0.0, 'SPY': 0.0}"
2021-01-07,156908.85655201843,0.014857515234280694,309.84310762489645,"{'AAPL': 0.0, 'AMZN': 0.0, 'GOOG': 0.0, 'MSFT': 0.0, 'SPY': 1.0}"
2021-01-08,157946.6237554,0.00863108388686551,313.8177131040369,"{'AAPL': 1.0, 'AMZN': 0.0, 'GOOG': 0.0, 'MSFT': 0.0, 'SPY': 0.0}"
2021-01-11,154274.56354838537,-0.023248741376715176,0.0,"{'AAPL': 1.0, 'AMZN': 0.0, 'GOOG': 0.0, 'MSFT': 0.0, 'SPY': 0.0}"
2021-01-12,154000.8366883937,0.0001501253512449663,296.8428194000037,"{'AAPL': 0.03793985031464878, 'AMZN': 0.0, 'GOOG': 0.0, 'MSFT': 0.0, 'SPY': 0.9620601496853513}"
2021-01-13,154403.86043355556,0.002693107140643747,11.685537384576653,"{'AAPL': 0.0, 'AMZN': 0.0, 'GOOG': 0.0, 'MSFT': 0.0, 'SPY': 1.0}"
2021-01-14,151871.60083443535,-0.014530461235413421,292.9570921635499,"{'AAPL': 0.9486715271915684, 'AMZN': 0.0, 'GOOG': 0.0, 'MSFT': 0.0, 'SPY': 0.05132847280843155}"
2021-01-15,150478.03689673505,-0.007292428184224264,288.1525270012641,"{'AAPL': 0.0, 'AMZN': 0.0, 'GOOG': 0.0, 'MSFT': 0.0, 'SPY': 1.0}"
2021-01-19,151659.5648263916,0.007851829768801277,0.0,"{'AAPL': 0.0, 'AMZN': 0.0, 'GOOG': 0.0, 'MSFT': 0.0, 'SPY': 1.0}"
2021-01-20,153758.35376920708,0.01383881686076327,0.0,"{'AAPL': 0.0, 'AMZN': 0.0, 'GOOG': 0.0, 'MSFT': 0.0, 'SPY': 1.0}"
2021-01-21,153804.59861414088,0.002305373885513884,307.51670753841415,"{'AAPL': 0.0, 'AMZN': 0.0, 'GOOG': 1.0, 'MSFT': 0.0, 'SPY': 0.0}"
2021-01-22,155964.2534789227,0.01607369676358128,307.60919722828174,"{'AAPL': 1.0, 'AMZN': 0.0, 'GOOG': 0.0, 'MSFT': 0.0, 'SPY': 0.0}"
2021-01-25,160281.98316655617,0.027684098063002427,0.0,"{'AAPL': 1.0, 'AMZN': 0.0, 'GOOG': 0.0, 'MSFT': 0.0, 'SPY': 0.0}"
2021-01-26,160551.13700870614,0.001679252008444987,0.0,"{'AAPL': 1.0, 'AMZN': 0.0, 'GOOG': 0.0, 'MSFT': 0.0, 'SPY': 0.0}"
2021-01-27,159317.4873985853,-0.007683842251792639,0.0,"{'AAPL': 1.0, 'AMZN': 0.0, 'GOOG': 0.0, 'MSFT': 0.0, 'SPY': 0.0}"
2021-01-28,153743.71230729044,-0.034985331380165574,0.0,"{'AAPL': 1.0, 'AMZN': 0.0, 'GOOG': 0.0, 'MSFT': 0.0, 'SPY': 0.0}"
2021-01-29,148960.23813350266,-0.029171642828124456,307.4874246145809,"{'AAPL': 0.0, 'AMZN': 0.0, 'GOOG': 0.0, 'MSFT': 1.0, 'SPY': 0.0}"
2021-02-01,153898.59737851165,0.03315219757223464,0.0,"{'AAPL': 0.0, 'AMZN': 0.0, 'GOOG': 0.0, 'MSFT': 1.0, 'SPY': 0.0}"
2021-02-02,153808.70040917088,-0.0005841311803490568,0.0,"{'AAPL': 0.0, 'AMZN': 0.0, 'GOOG': 0.0, 'MSFT': 1.0, 'SPY': 0.0}"
2021-02-03,156049.91569604047,0.014571446744607863,0.0,"{'AAPL': 0.0, 'AMZN': 0.0, 'GOOG': 0.0, 'MSFT': 1.0, 'SPY': 0.0}"
2021-02-04,155158.50999229978,-0.0037197508462046835,312.09983139208094,"{'AAPL': 0.0, 'AMZN': 0.0, 'GOOG': 1.0, 'MSFT': 0.0, 'SPY': 0.0}"
2021-02-05,157839.08345146143,0.01727635473745326,0.0,"{'AAPL': 0.0, 'AMZN': 0.0, 'GOOG': 1.0, 'MSFT': 0.0, 'SPY': 0.0}"
2021-02-08,157456.15264712524,-0.002426083552708458,0.0,"{'AAPL': 0.0, 'AMZN': 0.0, 'GOOG': 1.0, 'MSFT': 0.0, 'SPY': 0.0}"
2021-02-09,156748.95258182762,-0.00449140953470728,0.0,"{'AAPL': 0.0, 'AMZN': 0.0, 'GOOG': 1.0, 'MSFT': 0.0, 'SPY': 0.0}"
2021-02-10,157641.95660893802,0.005697033456375067,0.0,"{'AAPL': 0.0, 'AMZN': 0.0, 'GOOG': 1.0, 'MSFT': 0.0, 'SPY': 0.0}"
2021-02-11,157680.33180627975,0.00024343263790438385,0.0,"{'AAPL': 0.0, 'AMZN': 0.0, 'GOOG': 1.0, 'MSFT': 0.0, 'SPY': 0.0}"
2021-02-12,158298.7530847193,0.003921993766472509,0.0,"{'AAPL': 0.0, 'AMZN': 0.0, 'GOOG': 1.0, 'MSFT': 0.0, 'SPY': 0.0}"
2021-02-16,159637.15459514197,0.008454908736434508,0.0,"{'AAPL': 0.0, 'AMZN': 0.0, 'GOOG': 1.0, 'MSFT': 0.0, 'SPY': 0.0}"
2021-02-17,160119.3774637273,0.0030207433213671475,0.0,"{'AAPL': 0.0, 'AMZN': 0.0, 'GOOG': 1.0, 'MSFT': 0.0, 'SPY': 0.0}"
2021-02-18,159283.55456249314,-0.005219998444120133,0.0,"{'AAPL': 0.0, 'AMZN': 0.0, 'GOOG': 1.0, 'MSFT': 0.0, 'SPY': 0.0}"
2021-02-19,158075.30256855223,-0.007585541377825522,0.0,"{'AAPL': 0.0, 'AMZN': 0.0, 'GOOG': 1.0, 'MSFT': 0.0, 'SPY': 0.0}"
2021-02-22,155347.35574944128,-0.017257261411395608,0.0,"{'AAPL': 0.0, 'AMZN': 0.0, 'GOOG': 1.0, 'MSFT': 0.0, 'SPY': 0.0}"
2021-02-23,155797.26387981905,0.00289614282912809,0.0,"{'AAPL': 0.0, 'AMZN': 0.0, 'GOOG': 1.0, 'MSFT': 0.0, 'SPY': 0.0}"
2021-02-24,157626.14621268545,0.011738860409494567,0.0,"{'AAPL': 0.0, 'AMZN': 0.0, 'GOOG': 1.0, 'MSFT': 0.0, 'SPY': 0.0}"
2021-02-25,152825.53393546125,-0.030455685129462617,0.0,"{'AAPL': 0.0, 'AMZN': 0.0, 'GOOG': 1.0, 'MSFT': 0.0, 'SPY': 0.0}"
2021-02-26,153239.3337577917,0.002707661551538898,0.0,"{'AAPL': 0.0, 'AMZN': 0.0, 'GOOG': 1.0, 'MSFT': 0.0, 'SPY': 0.0}"
2021-03-01,156598.47045626602,0.021920851625364834,0.0,"{'AAPL': 0.0, 'AMZN': 0.0, 'GOOG': 1.0, 'MSFT': 0.0, 'SPY': 0.0}"
2021-03-02,156171.90203301172,-0.0027239628970285867,0.0,"{'AAPL': 0.0, 'AMZN': 0.0, 'GOOG': 1.0, 'MSFT': 0.0, 'SPY': 0.0}"
2021-03-03,152475.7159068904,-0.02366742082285722,0.0,"{'AAPL': 0.0, 'AMZN': 0.0, 'GOOG': 1.0, 'MSFT': 0.0, 'SPY': 0.0}"
2021-03-04,154159.41323305675,0.011042396595104309,0.0,"{'AAPL': 0.0, 'AMZN': 0.0, 'GOOG': 1.0, 'MSFT': 0.0, 'SPY': 0.0}"
2021-03-05,158632.04363981175,0.029013021734801914,0.0,"{'AAPL': 0.0, 'AMZN': 0.0, 'GOOG': 1.0, 'MSFT': 0.0, 'SPY': 0.0}"
2021-03-08,152284.6263919778,-0.04001346198531186,0.0,"{'AAPL': 0.0, 'AMZN': 0.0, 'GOOG': 1.0, 'MSFT': 0.0, 'SPY': 0.0}"
2021-03-09,154431.02358096914,0.014094641329496671,0.0,"{'AAPL': 0.0, 'AMZN': 0.0, 'GOOG': 1.0, 'MSFT': 0.0, 'SPY': 0.0}"
2021-03-10,154606.31426539086,0.0011350742898483812,0.0,"{'AAPL': 0.0, 'AMZN': 0.0, 'GOOG': 1.0, 'MSFT': 0.0, 'SPY': 0.0}"
2021-03-11,159100.74613296232,0.02907017018629987,0.0,"{'AAPL': 0.0, 'AMZN': 0.0, 'GOOG': 1.0, 'MSFT': 0.0, 'SPY': 0.0}"
2021-03-12,155124.65700778516,-0.024991014950076273,0.0,"{'AAPL': 0.0, 'AMZN': 0.0, 'GOOG': 1.0, 'MSFT': 0.0, 'SPY': 0.0}"
2021-03-15,155468.46084026867,0.002216306801995138,0.0,"{'AAPL': 0.0, 'AMZN': 0.0, 'GOOG': 1.0, 'MSFT': 0.0, 'SPY': 0.0}"
2021-03-16,157426.79874391446,0.012596367733117342,0.0,"{'AAPL': 0.0, 'AMZN': 0.0, 'GOOG': 1.0, 'MSFT': 0.0, 'SPY': 0.0}"
2021-03-17,157318.46225401093,-0.0006881705704997465,0.0,"{'AAPL': 0.0, 'AMZN': 0.0, 'GOOG': 1.0, 'MSFT': 0.0, 'SPY': 0.0}"
2021-03-18,153191.150794523,-0.026235391576761358,0.0,"{'AAPL': 0.0, 'AMZN': 0.0, 'GOOG': 1.0, 'MSFT': 0.0, 'SPY': 0.0}"
2021-03-19,153410.63938208696,0.001981857353525123,83.9480480767596,"{'AAPL': 0.0, 'AMZN': 0.0, 'GOOG': 0.7260022930784036, 'MSFT': 0.0, 'SPY': 0.27399770692159636}"
2021-03-22,152980.60485129512,-0.0022564008416452452,84.06832681613555,"{'AAPL': 0.0, 'AMZN': 0.0, 'GOOG': 1.0, 'MSFT': 0.0, 'SPY': 0.0}"
2021-03-23,151472.97062189237,-0.007870809395967071,305.9612097025903,"{'AAPL': 0.0, 'AMZN': 0.0, 'GOOG': 0.0, 'MSFT': 0.0, 'SPY': 1.0}"
2021-03-24,150559.79009178496,-0.004036743330251838,302.9459412437847,"{'AAPL': 0.0, 'AMZN': 0.0, 'GOOG': 0.9628305471068358, 'MSFT': 0.037169452893164236, 'SPY': 0.0}"
2021-03-25,150497.07080397356,-0.00034226049639574097,11.192450050842586,"{'AAPL': 0.0, 'AMZN': 0.0, 'GOOG': 1.0, 'MSFT': 0.0, 'SPY': 0.0}"
2021-03-26,151592.46373087203,0.008548344870654465,189.48812650295935,"{'AAPL': 0.0, 'AMZN': 0.0, 'GOOG': 0.37045908770618974, 'MSFT': 0.0, 'SPY': 0.6295409122938103}"
2021-03-29,151403.62051502737,-0.0005051857036807439,112.31761163374502,"{'AAPL': 0.0, 'AMZN': 0.0, 'GOOG': 0.0, 'MSFT': 0.0, 'SPY': 1.0}"
2021-03-30,151001.98263138585,-0.0026527627428940548,0.0,"{'AAPL': 0.0, 'AMZN': 0.0, 'GOOG': 0.0, 'MSFT': 0.0, 'SPY': 1.0}"
2021-03-31,151614.05034475282,0.0040533753444886855,0.0,"{'AAPL': 0.0, 'AMZN': 0.0, 'GOOG': 0.0, 'MSFT': 0.0, 'SPY': 1.0}"
2021-04-01,153251.30436558244,0.01079882779403829,0.0,"{'AAPL': 0.0, 'AMZN': 0.0, 'GOOG': 0.0, 'MSFT': 0.0, 'SPY': 1.0}"
2021-04-05,159226.44782005777,0.0410713276361816,306.5026087311649,"{'AAPL': 0.0, 'AMZN': 0.0, 'GOOG': 1.0, 'MSFT': 0.0, 'SPY': 0.0}"
2021-04-06,159169.2103617949,-0.000359472054087151,0.0,"{'AAPL': 0.0, 'AMZN': 0.0, 'GOOG': 1.0, 'MSFT': 0.0, 'SPY': 0.0}"
2021-04-07,160952.8215107571,0.011205754837308124,0.0,"{'AAPL': 0.0, 'AMZN': 0.0, 'GOOG': 1.0, 'MSFT': 0.0, 'SPY': 0.0}"
2021-04-08,162080.39063954138,0.007005587837482841,0.0,"{'AAPL': 0.0, 'AMZN': 0.0, 'GOOG': 1.0, 'MSFT': 0.0, 'SPY': 0.0}"
2021-04-09,163542.7395059516,0.009022367608074289,0.0,"{'AAPL': 0.0, 'AMZN': 0.0, 'GOOG': 1.0, 'MSFT': 0.0, 'SPY': 0.0}"
2021-04-12,161318.40872735964,-0.013600914264439323,0.0,"{'AAPL': 0.0, 'AMZN': 0.0, 'GOOG': 1.0, 'MSFT': 0.0, 'SPY': 0.0}"
2021-04-13,162211.29767802038,0.005534947670912116,0.0,"{'AAPL': 0.0, 'AMZN': 0.0, 'GOOG': 1.0, 'MSFT': 0.0, 'SPY': 0.0}"
2021-04-14,160611.91753864012,-0.008735587618968822,183.97627661141206,"{'AAPL': 0.0, 'AMZN': 0.0, 'GOOG': 0.43291164288509104, 'MSFT': 0.567088357114909, 'SPY': 0.0}"
2021-04-15,163401.63218543638,0.018486804071223245,176.22850244750637,"{'AAPL': 0.0, 'AMZN': 0.0, 'GOOG': 0.9815275399747612, 'MSFT': 0.018472460025238835, 'SPY': 0.0}"
2021-04-16,163473.8514763935,0.00047893672432586243,6.036860237208506,"{'AAPL': 0.0, 'AMZN': 0.0, 'GOOG': 1.0, 'MSFT': 0.0, 'SPY': 0.0}"
2021-04-19,162866.0534475923,-0.0027386308977888386,160.54315661654323,"{'AAPL': 0.0, 'AMZN': 0.0, 'GOOG': 0.5089638031813103, 'MSFT': 0.4910361968186897, 'SPY': 0.0}"
2021-04-20,162086.35074077654,-0.003809054635733111,159.94625495155034,"{'AAPL': 0.0, 'AMZN': 0.0, 'GOOG': 1.0, 'MSFT': 0.0, 'SPY': 0.0}"
2021-04-21,162062.3087924186,-0.00014832802545106105,0.0,"{'AAPL': 0.0, 'AMZN': 0.0, 'GOOG': 1.0, 'MSFT': 0.0, 'SPY': 0.0}"
2021-04-22,159684.649356447,-0.01288917511417765,292.58108740891345,"{'AAPL': 0.0, 'AMZN': 0.0, 'GOOG': 0.09731914351635923, 'MSFT': 0.9026808564836408, 'SPY': 0.0}"
2021-04-23,162368.91449527894,0.017295283681562454,76.20813014887437,"{'AAPL': 0.0, 'AMZN': 0.0, 'GOOG': 0.33593985770524504, 'MSFT': 0.664060142294755, 'SPY': 0.0}"
2021-04-26,162954.47491627152,0.0049410405021901305,215.64544892795968,"{'AAPL': 0.0, 'AMZN': 0.0, 'GOOG': 1.0, 'MSFT': 0.0, 'SPY': 0.0}"
2021-04-27,161580.38235505752,-0.008432370831914948,0.0,"{'AAPL': 0.0, 'AMZN': 0.0, 'GOOG': 1.0, 'MSFT': 0.0, 'SPY': 0.0}"
2021-04-28,156695.95714459664,-0.028285644517292097,323.160764710115,"{'AAPL': 0.0, 'AMZN': 0.0, 'GOOG': 0.0, 'MSFT': 1.0, 'SPY': 0.0}"
2021-04-29,159666.72790648477,0.021000823661772472,313.39191428919327,"{'AAPL': 0.0, 'AMZN': 0.0, 'GOOG': 1.0, 'MSFT': 0.0, 'SPY': 0.0}"
2021-04-30,158367.6334787916,-0.008136287658215391,0.0,"{'AAPL': 0.0, 'AMZN': 0.0, 'GOOG': 1.0, 'MSFT': 0.0, 'SPY': 0.0}"
2021-05-03,157385.31718952575,-0.006202759160364724,0.0,"{'AAPL': 0.0, 'AMZN': 0.0, 'GOOG': 1.0, 'MSFT': 0.0, 'SPY': 0.0}"
2021-05-04,154696.4557817454,-0.017084575968051574,0.0,"{'AAPL': 0.0, 'AMZN': 0.0, 'GOOG': 1.0, 'MSFT': 0.0, 'SPY': 0.0}"
2021-05-05,154860.08256468637,0.0010577280656760557,0.0,"{'AAPL': 0.0, 'AMZN': 0.0, 'GOOG': 1.0, 'MSFT': 0.0, 'SPY': 0.0}"
2021-05-06,156477.177432371,0.010442296303239784,0.0,"{'AAPL': 0.0, 'AMZN': 0.0, 'GOOG': 1.0, 'MSFT': 0.0, 'SPY': 0.0}"
2021-05-07,157616.59482845856,0.007281684235261654,0.0,"{'AAPL': 0.0, 'AMZN': 0.0, 'GOOG': 1.0, 'MSFT': 0.0, 'SPY': 0.0}"
2021-05-10,153869.1697578083,-0.02377557435959554,0.0,"{'AAPL': 0.0, 'AMZN': 0.0, 'GOOG': 1.0, 'MSFT': 0.0, 'SPY': 0.0}"
2021-05-11,151707.3324591523,-0.014049840536988434,0.0,"{'AAPL': 0.0, 'AMZN': 0.0, 'GOOG': 1.0, 'MSFT': 0.0, 'SPY': 0.0}"
2021-05-12,147128.70191822705,-0.03018068056900325,0.0,"{'AAPL': 0.0, 'AMZN': 0.0, 'GOOG': 1.0, 'MSFT': 0.0, 'SPY': 0.0}"
2021-05-13,148632.7894503912,0.010222937554360545,0.0,"{'AAPL': 0.0, 'AMZN': 0.0, 'GOOG': 1.0, 'MSFT': 0.0, 'SPY': 0.0}"
2021-05-14,152193.59634669576,0.023957075080617063,0.0,"{'AAPL': 0.0, 'AMZN': 0.0, 'GOOG': 1.0, 'MSFT': 0.0, 'SPY': 0.0}"
2021-05-17,152538.56823442475,0.0022666649320983723,0.0,"{'AAPL': 0.0, 'AMZN': 0.0, 'GOOG': 1.0, 'MSFT': 0.0, 'SPY': 0.0}"
2021-05-18,151357.1178068631,-0.007745257092920732,0.0,"{'AAPL': 0.0, 'AMZN': 0.0, 'GOOG': 1.0, 'MSFT': 0.0, 'SPY': 0.0}"
2021-05-19,151704.05951942684,0.002292206125426244,0.0,"{'AAPL': 0.0, 'AMZN': 0.0, 'GOOG': 1.0, 'MSFT': 0.0, 'SPY': 0.0}"
2021-05-20,154817.36261993658,0.020522213514734933,0.0,"{'AAPL': 0.0, 'AMZN': 0.0, 'GOOG': 1.0, 'MSFT': 0.0, 'SPY': 0.0}"
2021-05-21,154095.21473384672,-0.004664514844260004,0.0,"{'AAPL': 0.0, 'AMZN': 0.0, 'GOOG': 1.0, 'MSFT': 0.0, 'SPY': 0.0}"
2021-05-24,158140.9520978066,0.02625478909872503,0.0,"{'AAPL': 0.0, 'AMZN': 0.0, 'GOOG': 1.0, 'MSFT': 0.0, 'SPY': 0.0}"
2021-05-25,158298.63910124582,0.0009971294680310994,0.0,"{'AAPL': 0.0, 'AMZN': 0.0, 'GOOG': 1.0, 'MSFT': 0.0, 'SPY': 0.0}"
2021-05-26,159905.90504808826,0.010153378171586569,0.0,"{'AAPL': 0.0, 'AMZN': 0.0, 'GOOG': 1.0, 'MSFT': 0.0, 'SPY': 0.0}"
2021-05-27,157867.60102073642,-0.01274689653730332,0.0,"{'AAPL': 0.0, 'AMZN': 0.0, 'GOOG': 1.0, 'MSFT': 0.0, 'SPY': 0.0}"
2021-05-28,158462.2860875184,0.0037669861512867886,0.0,"{'AAPL': 0.0, 'AMZN': 0.0, 'GOOG': 1.0, 'MSFT': 0.0, 'SPY': 0.0}"
2021-06-01,159661.46493859292,0.007567597822059735,0.0,"{'AAPL': 0.0, 'AMZN': 0.0, 'GOOG': 1.0, 'MSFT': 0.0, 'SPY': 0.0}"
2021-06-02,159100.97401060926,-0.003510495962186222,0.0,"{'AAPL': 0.0, 'AMZN': 0.0, 'GOOG': 1.0, 'MSFT': 0.0, 'SPY': 0.0}"
2021-06-03,158005.5796741622,-0.006884900254438553,0.0,"{'AAPL': 0.0, 'AMZN': 0.0, 'GOOG': 1.0, 'MSFT': 0.0, 'SPY': 0.0}"
2021-06-04,161103.7706826063,0.019608111402351414,0.0,"{'AAPL': 0.0, 'AMZN': 0.0, 'GOOG': 1.0, 'MSFT': 0.0, 'SPY': 0.0}"
2021-06-07,162045.40756361786,0.005844909011265109,0.0,"{'AAPL': 0.0, 'AMZN': 0.0, 'GOOG': 1.0, 'MSFT': 0.0, 'SPY': 0.0}"
2021-06-08,163146.69117123756,0.006796142045477849,0.0,"{'AAPL': 0.0, 'AMZN': 0.0, 'GOOG': 1.0, 'MSFT': 0.0, 'SPY': 0.0}"
2021-06-09,163708.50541744355,0.0034436141007379018,0.0,"{'AAPL': 0.0, 'AMZN': 0.0, 'GOOG': 1.0, 'MSFT': 0.0, 'SPY': 0.0}"
2021-06-10,165692.9473626469,0.012121801125379417,0.0,"{'AAPL': 0.0, 'AMZN': 0.0, 'GOOG': 1.0, 'MSFT': 0.0, 'SPY': 0.0}"
2021-06-11,165188.94494992474,-0.0030417855481746914,0.0,"{'AAPL': 0.0, 'AMZN': 0.0, 'GOOG': 1.0, 'MSFT': 0.0, 'SPY': 0.0}"
2021-06-14,166050.38470599687,0.005214875343705794,0.0,"{'AAPL': 0.0, 'AMZN': 0.0, 'GOOG': 1.0, 'MSFT': 0.0, 'SPY': 0.0}"
2021-06-15,165631.16557449606,-0.0025246501671348787,0.0,"{'AAPL': 0.0, 'AMZN': 0.0, 'GOOG': 1.0, 'MSFT': 0.0, 'SPY': 0.0}"
2021-06-16,165188.9449499247,-0.002669911927731028,0.0,"{'AAPL': 0.0, 'AMZN': 0.0, 'GOOG': 1.0, 'MSFT': 0.0, 'SPY': 0.0}"
2021-06-17,166075.3762272338,0.005366165862841443,0.0,"{'AAPL': 0.0, 'AMZN': 0.0, 'GOOG': 1.0, 'MSFT': 0.0, 'SPY': 0.0}"
2021-06-18,165019.40869247945,-0.006358363044196902,0.0,"{'AAPL': 0.0, 'AMZN': 0.0, 'GOOG': 1.0, 'MSFT': 0.0, 'SPY': 0.0}"
2021-06-21,166185.76723130708,0.007068008230481482,0.0,"{'AAPL': 0.0, 'AMZN': 0.0, 'GOOG': 1.0, 'MSFT': 0.0, 'SPY': 0.0}"
2021-06-22,166901.32883128276,0.004305793521894863,0.0,"{'AAPL': 0.0, 'AMZN': 0.0, 'GOOG': 1.0, 'MSFT': 0.0, 'SPY': 0.0}"
2021-06-23,166194.30313892438,-0.004236189713462957,0.0,"{'AAPL': 0.0, 'AMZN': 0.0, 'GOOG': 1.0, 'MSFT': 0.0, 'SPY': 0.0}"
2021-06-24,166462.94441743425,0.0020212834599354604,67.14879082008265,"{'AAPL': 0.0, 'AMZN': 0.20201893070893034, 'GOOG': 0.7979810692910697, 'MSFT': 0.0, 'SPY': 0.0}"
2021-06-25,166020.4984395964,-0.0022547978997653484,67.25733206774034,"{'AAPL': 0.0, 'AMZN': 0.0, 'GOOG': 1.0, 'MSFT': 0.0, 'SPY': 0.0}"
2021-06-28,165791.06631703104,-0.0013819505706931245,0.0,"{'AAPL': 0.0, 'AMZN': 0.0, 'GOOG': 1.0, 'MSFT': 0.0, 'SPY': 0.0}"
2021-06-29,167109.6221547121,0.009973063668421212,331.5821326340621,"{'AAPL': 0.0, 'AMZN': 0.0, 'GOOG': 0.0, 'MSFT': 1.0, 'SPY': 0.0}"
2021-06-30,166801.730771759,-0.0018424515535558905,0.0,"{'AAPL': 0.0, 'AMZN': 0.0, 'GOOG': 0.0, 'MSFT': 1.0, 'SPY': 0.0}"
2021-07-01,167232.75921492826,0.0025840765630846807,0.0,"{'AAPL': 0.0, 'AMZN': 0.0, 'GOOG': 0.0, 'MSFT': 1.0, 'SPY': 0.0}"
2021-07-02,170957.94280770226,0.022275441787014794,0.0,"{'AAPL': 0.0, 'AMZN': 0.0, 'GOOG': 0.0, 'MSFT': 1.0, 'SPY': 0.0}"
2021-07-06,170964.10258465784,3.603094921711403e-05,0.0,"{'AAPL': 0.0, 'AMZN': 0.0, 'GOOG': 0.0, 'MSFT': 1.0, 'SPY': 0.0}"
2021-07-07,171617.8668559436,0.005835656942458815,341.9282051693157,"{'AAPL': 0.013519264506700344, 'AMZN': 0.9864807354932997, 'GOOG': 0.0, 'MSFT': 0.0, 'SPY': 0.0}"
2021-07-08,169703.51807695796,-0.009199906835839267,338.59543903968483,"{'AAPL': 1.0, 'AMZN': 0.0, 'GOOG': 0.0, 'MSFT': 0.0, 'SPY': 0.0}"
2021-07-09,168816.2682390555,-0.003234704202571881,339.40703615391595,"{'AAPL': 0.0, 'AMZN': 1.0, 'GOOG': 0.0, 'MSFT': 0.0, 'SPY': 0.0}"
2021-07-12,167770.41916269565,-0.004203598497390382,337.632536478111,"{'AAPL': 1.0, 'AMZN': 0.0, 'GOOG': 0.0, 'MSFT': 0.0, 'SPY': 0.0}"
2021-07-13,168328.21319629162,0.003761644143081333,73.02389113728793,"{'AAPL': 0.7823695872558055, 'AMZN': 0.21763041274419445, 'GOOG': 0.0, 'MSFT': 0.0, 'SPY': 0.0}"
2021-07-14,172309.9767914629,0.02410051149215886,73.26667702880341,"{'AAPL': 1.0, 'AMZN': 0.0, 'GOOG': 0.0, 'MSFT': 0.0, 'SPY': 0.0}"
2021-07-15,171535.90357149992,-0.004492329662952654,0.0,"{'AAPL': 1.0, 'AMZN': 0.0, 'GOOG': 0.0, 'MSFT': 0.0, 'SPY': 0.0}"
2021-07-16,169121.36987665715,-0.014075966865072953,0.0,"{'AAPL': 1.0, 'AMZN': 0.0, 'GOOG': 0.0, 'MSFT': 0.0, 'SPY': 0.0}"
2021-07-19,164569.56951413056,-0.026914400976330133,0.0,"{'AAPL': 1.0, 'AMZN': 0.0, 'GOOG': 0.0, 'MSFT': 0.0, 'SPY': 0.0}"
2021-07-20,168844.13895197568,0.025974239651140874,0.0,"{'AAPL': 1.0, 'AMZN': 0.0, 'GOOG': 0.0, 'MSFT': 0.0, 'SPY': 0.0}"
2021-07-21,167977.66144086514,-0.005131818708596136,0.0,"{'AAPL': 1.0, 'AMZN': 0.0, 'GOOG': 0.0, 'MSFT': 0.0, 'SPY': 0.0}"
2021-07-22,169595.08853510334,0.009628822549167415,0.0,"{'AAPL': 1.0, 'AMZN': 0.0, 'GOOG': 0.0, 'MSFT': 0.0, 'SPY': 0.0}"
2021-07-23,171628.34396512504,0.011988881562456699,0.0,"{'AAPL': 1.0, 'AMZN': 0.0, 'GOOG': 0.0, 'MSFT': 0.0, 'SPY': 0.0}"
2021-07-26,172125.16820916778,0.002894768035189399,0.0,"{'AAPL': 1.0, 'AMZN': 0.0, 'GOOG': 0.0, 'MSFT': 0.0, 'SPY': 0.0}"
2021-07-27,168547.6800371601,-0.01923626959624621,271.6679091784848,"{'AAPL': 0.21084199363467876, 'AMZN': 0.0, 'GOOG': 0.7891580063653212, 'MSFT': 0.0, 'SPY': 0.0}"
2021-07-28,166229.33984728935,-0.012195736038188132,266.0215023112507,"{'AAPL': 1.0, 'AMZN': 0.0, 'GOOG': 0.0, 'MSFT': 0.0, 'SPY': 0.0}"
2021-07-29,166059.2193434581,0.0009785486907334384,332.4586796945787,"{'AAPL': 0.0, 'AMZN': 0.0, 'GOOG': 0.0, 'MSFT': 1.0, 'SPY': 0.0}"
2021-07-30,165137.59650849586,-0.005549964877626379,0.0,"{'AAPL': 0.0, 'AMZN': 0.0, 'GOOG': 0.0, 'MSFT': 1.0, 'SPY': 0.0}"
2021-08-02,164423.17288463016,-0.002330894208961376,330.27519301699175,"{'AAPL': 1.0, 'AMZN': 0.0, 'GOOG': 0.0, 'MSFT': 0.0, 'SPY': 0.0}"
2021-08-03,166502.17169286177,0.012644195898654509,0.0,"{'AAPL': 1.0, 'AMZN': 0.0, 'GOOG': 0.0, 'MSFT': 0.0, 'SPY': 0.0}"
2021-08-04,166038.9478990933,-0.0027820886001592715,0.0,"{'AAPL': 1.0, 'AMZN': 0.0, 'GOOG': 0.0, 'MSFT': 0.0, 'SPY': 0.0}"
2021-08-05,166163.18396269376,0.0007482344665057372,0.0,"{'AAPL': 1.0, 'AMZN': 0.0, 'GOOG': 0.0, 'MSFT': 0.0, 'SPY': 0.0}"
2021-08-06,165796.45902231193,-0.0002074316743901905,332.3263679253875,"{'AAPL': 0.0, 'AMZN': 0.0, 'GOOG': 0.0, 'MSFT': 1.0, 'SPY': 0.0}"
2021-08-09,165149.2871451529,-0.003903411936390877,0.0,"{'AAPL': 0.0, 'AMZN': 0.0, 'GOOG': 0.0, 'MSFT': 1.0, 'SPY': 0.0}"
2021-08-10,164931.83286542151,0.0006846559097188898,330.2985742903058,"{'AAPL': 0.0, 'AMZN': 0.0, 'GOOG': 1.0, 'MSFT': 0.0, 'SPY': 0.0}"
2021-08-11,164445.75413874505,-0.0029471492448222003,0.0,"{'AAPL': 0.0, 'AMZN': 0.0, 'GOOG': 1.0, 'MSFT': 0.0, 'SPY': 0.0}"
2021-08-12,165281.76768644317,0.005083825679030651,0.0,"{'AAPL': 0.0, 'AMZN': 0.0, 'GOOG': 1.0, 'MSFT': 0.0, 'SPY': 0.0}"
2021-08-13,165183.8723181789,0.0014105272423201587,330.56353537288635,"{'AAPL': 1.0, 'AMZN': 0.0, 'GOOG': 0.0, 'MSFT': 0.0, 'SPY': 0.0}"
2021-08-16,166481.0167146878,0.009051170793596661,196.1873192564788,"{'AAPL': 0.4061547398568648, 'AMZN': 0.0, 'GOOG': 0.0, 'MSFT': 0.5938452601431352, 'SPY': 0.0}"
2021-08-17,165259.99359543124,-0.00615392683983651,197.72792535965485,"{'AAPL': 1.0, 'AMZN': 0.0, 'GOOG': 0.0, 'MSFT': 0.0, 'SPY': 0.0}"
2021-08-18,161045.69908355066,-0.02550099646135462,0.0,"{'AAPL': 1.0, 'AMZN': 0.0, 'GOOG': 0.0, 'MSFT': 0.0, 'SPY': 0.0}"
2021-08-19,164062.66820275178,0.02077517152243402,322.0913981671013,"{'AAPL': 0.0, 'AMZN': 0.0, 'GOOG': 0.0, 'MSFT': 1.0, 'SPY': 0.0}"
2021-08-20,168258.590984488,0.025575122163384645,0.0,"{'AAPL': 0.0, 'AMZN': 0.0, 'GOOG': 0.0, 'MSFT': 1.0, 'SPY': 0.0}"
2021-08-23,168418.91312303953,0.0009528318144915726,0.0,"{'AAPL': 0.0, 'AMZN': 0.0, 'GOOG': 0.0, 'MSFT': 1.0, 'SPY': 0.0}"
2021-08-24,167296.71055745147,-0.0066631623775426085,0.0,"{'AAPL': 0.0, 'AMZN': 0.0, 'GOOG': 0.0, 'MSFT': 1.0, 'SPY': 0.0}"
2021-08-25,166959.4890620562,-0.002015709061293558,0.0,"{'AAPL': 0.0, 'AMZN': 0.0, 'GOOG': 0.0, 'MSFT': 1.0, 'SPY': 0.0}"
2021-08-26,165554.2790537921,-0.007106203174768454,220.32765008011717,"{'AAPL': 0.0, 'AMZN': 0.0, 'GOOG': 0.6598236833314244, 'MSFT': 0.3401763166685756, 'SPY': 0.0}"
2021-08-27,168267.40853429952,0.01708012992334318,112.63528971448103,"{'AAPL': 0.0, 'AMZN': 0.0, 'GOOG': 1.0, 'MSFT': 0.0, 'SPY': 0.0}"
2021-08-30,169337.2059286737,0.00635772193612949,0.0,"{'AAPL': 0.0, 'AMZN': 0.0, 'GOOG': 1.0, 'MSFT': 0.0, 'SPY': 0.0}"
2021-08-31,169328.45499314595,-5.167757126833816e-05,0.0,"{'AAPL': 0.0, 'AMZN': 0.0, 'GOOG': 1.0, 'MSFT': 0.0, 'SPY': 0.0}"
2021-09-01,169770.81567885244,0.0026124415162496195,0.0,"{'AAPL': 0.0, 'AMZN': 0.0, 'GOOG': 1.0, 'MSFT': 0.0, 'SPY': 0.0}"
2021-09-02,167881.50838354198,-0.011128575236890925,0.0,"{'AAPL': 0.0, 'AMZN': 0.0, 'GOOG': 1.0, 'MSFT': 0.0, 'SPY': 0.0}"
2021-09-03,168528.73759669575,0.0038552739928634505,0.0,"{'AAPL': 0.0, 'AMZN': 0.0, 'GOOG': 1.0, 'MSFT': 0.0, 'SPY': 0.0}"
2021-09-07,169394.82967591166,0.005139135862327171,0.0,"{'AAPL': 0.0, 'AMZN': 0.0, 'GOOG': 1.0, 'MSFT': 0.0, 'SPY': 0.0}"
2021-09-08,168402.72350738326,-0.0054722420736844374,65.49505933056268,"{'AAPL': 0.1933207154429349, 'AMZN': 0.0, 'GOOG': 0.8066792845570652, 'MSFT': 0.0, 'SPY': 0.0}"
2021-09-09,168372.4605843896,0.00020701580928061958,65.11146998197215,"{'AAPL': 0.0, 'AMZN': 0.0, 'GOOG': 1.0, 'MSFT': 0.0, 'SPY': 0.0}"
2021-09-10,164895.53656462938,-0.02065019426391035,0.0,"{'AAPL': 0.0, 'AMZN': 0.0, 'GOOG': 1.0, 'MSFT': 0.0, 'SPY': 0.0}"
2021-09-13,166689.47760421,0.010879257722524738,0.0,"{'AAPL': 0.0, 'AMZN': 0.0, 'GOOG': 1.0, 'MSFT': 0.0, 'SPY': 0.0}"
2021-09-14,166620.94153307003,-0.00041116015314834886,0.0,"{'AAPL': 0.0, 'AMZN': 0.0, 'GOOG': 1.0, 'MSFT': 0.0, 'SPY': 0.0}"
2021-09-15,168712.28303772237,0.012551492539953468,0.0,"{'AAPL': 0.0, 'AMZN': 0.0, 'GOOG': 1.0, 'MSFT': 0.0, 'SPY': 0.0}"
2021-09-16,167745.07956726168,-0.005732857460321594,0.0,"{'AAPL': 0.0, 'AMZN': 0.0, 'GOOG': 1.0, 'MSFT': 0.0, 'SPY': 0.0}"
2021-09-17,164475.1957404815,-0.01752822928495401,335.49015913452337,"{'AAPL': 0.0, 'AMZN': 0.0, 'GOOG': 0.0, 'MSFT': 1.0, 'SPY': 0.0}"
2021-09-20,161420.0745159813,-0.018574966339123367,0.0,"{'AAPL': 0.0, 'AMZN': 0.0, 'GOOG': 0.0, 'MSFT': 1.0, 'SPY': 0.0}"
2021-09-21,161694.31983031746,0.0016989542047882722,0.0,"{'AAPL': 0.0, 'AMZN': 0.0, 'GOOG': 0.0, 'MSFT': 1.0, 'SPY': 0.0}"
2021-09-22,163767.58945009785,0.012822154927619511,0.0,"{'AAPL': 0.0, 'AMZN': 0.0, 'GOOG': 0.0, 'MSFT': 1.0, 'SPY': 0.0}"
2021-09-23,164305.12690393065,0.0032823188986157437,0.0,"{'AAPL': 0.0, 'AMZN': 0.0, 'GOOG': 0.0, 'MSFT': 1.0, 'SPY': 0.0}"
2021-09-24,164189.9105964416,-0.0007012337938573365,0.0,"{'AAPL': 0.0, 'AMZN': 0.0, 'GOOG': 0.0, 'MSFT': 1.0, 'SPY': 0.0}"
2021-09-27,162561.06009704244,-0.007936400154774592,328.3798211928832,"{'AAPL': 0.0, 'AMZN': 0.0, 'GOOG': 1.0, 'MSFT': 0.0, 'SPY': 0.0}"
2021-09-28,156452.71219749734,-0.03757571398647774,0.0,"{'AAPL': 0.0, 'AMZN': 0.0, 'GOOG': 1.0, 'MSFT': 0.0, 'SPY': 0.0}"
2021-09-29,156402.64534515742,0.0016833540241087963,312.90542439499467,"{'AAPL': 0.0, 'AMZN': 0.0, 'GOOG': 0.0, 'MSFT': 0.0, 'SPY': 1.0}"
2021-09-30,154491.02534079083,-0.012222427569226313,0.0,"{'AAPL': 0.0, 'AMZN': 0.0, 'GOOG': 0.0, 'MSFT': 0.0, 'SPY': 1.0}"
2021-10-01,156327.0490976141,0.011884339253838139,0.0,"{'AAPL': 0.0, 'AMZN': 0.0, 'GOOG': 0.0, 'MSFT': 0.0, 'SPY': 1.0}"
2021-10-04,154311.02095487362,-0.012896220803615521,0.0,"{'AAPL': 0.0, 'AMZN': 0.0, 'GOOG': 0.0, 'MSFT': 0.0, 'SPY': 1.0}"
2021-10-05,155916.64282741747,0.010405101739385136,0.0,"{'AAPL': 0.0, 'AMZN': 0.0, 'GOOG': 0.0, 'MSFT': 0.0, 'SPY': 1.0}"
2021-10-06,156802.29619103248,0.006025065632020949,53.43270697807347,"{'AAPL': 0.0, 'AMZN': 0.0, 'GOOG': 0.0, 'MSFT': 0.17135023564231552, 'SPY': 0.8286497643576844}"
2021-10-07,157471.71202596708,0.005936308893747855,259.86837157888584,"{'AAPL': 0.0, 'AMZN': 0.0, 'GOOG': 0.0, 'MSFT': 1.0, 'SPY': 0.0}"
2021-10-08,157471.71202596708,0.0,0.0,"{'AAPL': 0.0, 'AMZN': 0.0, 'GOOG': 0.0, 'MSFT': 1.0, 'SPY': 0.0}"
2021-10-11,156928.23966070506,-0.003135661956964783,49.85062326696851,"{'AAPL': 0.0, 'AMZN': 0.0, 'GOOG': 0.15828437573203039, 'MSFT': 0.8417156242679696, 'SPY': 0.0}"
2021-10-12,156158.7736793407,-0.004588182091248338,49.678576898842294,"{'AAPL': 0.0, 'AMZN': 0.0, 'GOOG': 0.0, 'MSFT': 1.0, 'SPY': 0.0}"
2021-10-13,157987.5397819371,0.011710940471085118,0.0,"{'AAPL': 0.0, 'AMZN': 0.0, 'GOOG': 0.0, 'MSFT': 1.0, 'SPY': 0.0}"
2021-10-14,161421.27140944713,0.021734192660063156,0.0,"{'AAPL': 0.0, 'AMZN': 0.0, 'GOOG': 0.0, 'MSFT': 1.0, 'SPY': 0.0}"
2021-10-15,162199.73823367097,0.004822578941589661,0.0,"{'AAPL': 0.0, 'AMZN': 0.0, 'GOOG': 0.0, 'MSFT': 1.0, 'SPY': 0.0}"
2021-10-18,163841.98700748643,0.010124854649577575,0.0,"{'AAPL': 0.0, 'AMZN': 0.0, 'GOOG': 0.0, 'MSFT': 1.0, 'SPY': 0.0}"
2021-10-19,164343.12913212908,0.0030586916931112373,0.0,"{'AAPL': 0.0, 'AMZN': 0.0, 'GOOG': 0.0, 'MSFT': 1.0, 'SPY': 0.0}"
2021-10-20,163905.93965675504,-0.0026602236289571257,0.0,"{'AAPL': 0.0, 'AMZN': 0.0, 'GOOG': 0.0, 'MSFT': 1.0, 'SPY': 0.0}"
2021-10-21,165692.11558618207,0.010897566818917959,0.0,"{'AAPL': 0.0, 'AMZN': 0.0, 'GOOG': 0.0, 'MSFT': 1.0, 'SPY': 0.0}"
2021-10-22,164839.01487464004,-0.005148710356699504,0.0,"{'AAPL': 0.0, 'AMZN': 0.0, 'GOOG': 0.0, 'MSFT': 1.0, 'SPY': 0.0}"
2021-10-25,164289.8071787742,-0.003331782201461908,0.0,"{'AAPL': 0.0, 'AMZN': 0.0, 'GOOG': 0.0, 'MSFT': 1.0, 'SPY': 0.0}"
2021-10-26,165345.51446568608,0.0064258842653768244,0.0,"{'AAPL': 0.0, 'AMZN': 0.0, 'GOOG': 0.0, 'MSFT': 1.0, 'SPY': 0.0}"
2021-10-27,172308.906694609,0.04211418889363361,0.0,"{'AAPL': 0.0, 'AMZN': 0.0, 'GOOG': 0.0, 'MSFT': 1.0, 'SPY': 0.0}"
2021-10-28,172938.02150730332,0.003651087020181354,0.0,"{'AAPL': 0.0, 'AMZN': 0.0, 'GOOG': 0.0, 'MSFT': 1.0, 'SPY': 0.0}"
2021-10-29,176814.2832292122,0.02241416715725042,0.0,"{'AAPL': 0.0, 'AMZN': 0.0, 'GOOG': 0.0, 'MSFT': 1.0, 'SPY': 0.0}"
2021-11-01,175614.61509193145,-0.006784905129669561,0.0,"{'AAPL': 0.0, 'AMZN': 0.0, 'GOOG': 0.0, 'MSFT': 1.0, 'SPY': 0.0}"
2021-11-02,177619.36891166688,0.011415643388712038,0.0,"{'AAPL': 0.0, 'AMZN': 0.0, 'GOOG': 0.0, 'MSFT': 1.0, 'SPY': 0.0}"
2021-11-03,178083.2446347863,0.002611628033371227,0.0,"{'AAPL': 0.0, 'AMZN': 0.0, 'GOOG': 0.0, 'MSFT': 1.0, 'SPY': 0.0}"
2021-11-04,179384.21605975198,0.007305411733898426,0.0,"{'AAPL': 0.0, 'AMZN': 0.0, 'GOOG': 0.0, 'MSFT': 1.0, 'SPY': 0.0}"
2021-11-05,179181.62633176075,-0.0011293620611735333,0.0,"{'AAPL': 0.0, 'AMZN': 0.0, 'GOOG': 0.0, 'MSFT': 1.0, 'SPY': 0.0}"
2021-11-08,179677.5120742717,0.0027675033018887962,0.0,"{'AAPL': 0.0, 'AMZN': 0.0, 'GOOG': 0.0, 'MSFT': 1.0, 'SPY': 0.0}"
2021-11-09,179122.99745413833,-0.003086165952165265,0.0,"{'AAPL': 0.0, 'AMZN': 0.0, 'GOOG': 0.0, 'MSFT': 1.0, 'SPY': 0.0}"
2021-11-10,176377.07690645952,-0.015329804585152984,0.0,"{'AAPL': 0.0, 'AMZN': 0.0, 'GOOG': 0.0, 'MSFT': 1.0, 'SPY': 0.0}"
2021-11-11,177246.1657803187,0.004927447994390377,0.0,"{'AAPL': 0.0, 'AMZN': 0.0, 'GOOG': 0.0, 'MSFT': 1.0, 'SPY': 0.0}"
2021-11-12,179533.5680712815,0.012905228617457576,0.0,"{'AAPL': 0.0, 'AMZN': 0.0, 'GOOG': 0.0, 'MSFT': 1.0, 'SPY': 0.0}"
2021-11-15,179186.96695078554,-0.001930564429925119,0.0,"{'AAPL': 0.0, 'AMZN': 0.0, 'GOOG': 0.0, 'MSFT': 1.0, 'SPY': 0.0}"
2021-11-16,181021.107367164,0.010235903021240444,0.0,"{'AAPL': 0.0, 'AMZN': 0.0, 'GOOG': 0.0, 'MSFT': 1.0, 'SPY': 0.0}"
2021-11-17,181143.9921468703,0.0006788422714543163,0.0,"{'AAPL': 0.0, 'AMZN': 0.0, 'GOOG': 0.0, 'MSFT': 1.0, 'SPY': 0.0}"
2021-11-18,182292.39371098863,0.006339716545427754,0.0,"{'AAPL': 0.0, 'AMZN': 0.0, 'GOOG': 0.0, 'MSFT': 1.0, 'SPY': 0.0}"
2021-11-19,183275.26978009546,0.005391755789136754,0.0,"{'AAPL': 0.0, 'AMZN': 0.0, 'GOOG': 0.0, 'MSFT': 1.0, 'SPY': 0.0}"
2021-11-22,181523.20979238837,-0.009559718503261871,0.0,"{'AAPL': 0.0, 'AMZN': 0.0, 'GOOG': 0.0, 'MSFT': 1.0, 'SPY': 0.0}"
2021-11-23,181038.01031462185,-0.001592409672893279,196.45299629005555,"{'AAPL': 0.5411236296304551, 'AMZN': 0.0, 'GOOG': 0.0, 'MSFT': 0.4588763703695449, 'SPY': 0.0}"
2021-11-24,181465.70677865457,0.003283233704816091,166.14813014419582,"{'AAPL': 1.0, 'AMZN': 0.0, 'GOOG': 0.0, 'MSFT': 0.0, 'SPY': 0.0}"
2021-11-26,175717.19613937067,-0.031678220316832206,0.0,"{'AAPL': 1.0, 'AMZN': 0.0, 'GOOG': 0.0, 'MSFT': 0.0, 'SPY': 0.0}"
2021-11-29,179560.80233595244,0.021873819301858166,0.0,"{'AAPL': 1.0, 'AMZN': 0.0, 'GOOG': 0.0, 'MSFT': 0.0, 'SPY': 0.0}"
2021-11-30,185230.85991922813,0.03157736827588464,0.0,"{'AAPL': 1.0, 'AMZN': 0.0, 'GOOG': 0.0, 'MSFT': 0.0, 'SPY': 0.0}"
2021-12-01,184636.9629531847,-0.0032062528150136327,0.0,"{'AAPL': 1.0, 'AMZN': 0.0, 'GOOG': 0.0, 'MSFT': 0.0, 'SPY': 0.0}"
2021-12-02,183505.20691824658,-0.006129628741917137,0.0,"{'AAPL': 1.0, 'AMZN': 0.0, 'GOOG': 0.0, 'MSFT': 0.0, 'SPY': 0.0}"
2021-12-03,181353.6833562236,-0.011724591351685687,0.0,"{'AAPL': 1.0, 'AMZN': 0.0, 'GOOG': 0.0, 'MSFT': 0.0, 'SPY': 0.0}"
2021-12-06,185253.30999266528,0.02150288080326357,0.0,"{'AAPL': 1.0, 'AMZN': 0.0, 'GOOG': 0.0, 'MSFT': 0.0, 'SPY': 0.0}"
2021-12-07,191819.81681472095,0.035446097142964206,0.0,"{'AAPL': 1.0, 'AMZN': 0.0, 'GOOG': 0.0, 'MSFT': 0.0, 'SPY': 0.0}"
2021-12-08,196190.09195805652,0.02278323072092614,0.0,"{'AAPL': 1.0, 'AMZN': 0.0, 'GOOG': 0.0, 'MSFT': 0.0, 'SPY': 0.0}"
2021-12-09,195607.40257144283,-0.0029700245348692755,0.0,"{'AAPL': 1.0, 'AMZN': 0.0, 'GOOG': 0.0, 'MSFT': 0.0, 'SPY': 0.0}"
2021-12-10,201087.01859085704,0.02801333664973571,0.0,"{'AAPL': 1.0, 'AMZN': 0.0, 'GOOG': 0.0, 'MSFT': 0.0, 'SPY': 0.0}"
2021-12-13,196929.6874566866,-0.020674288988436262,0.0,"{'AAPL': 1.0, 'AMZN': 0.0, 'GOOG': 0.0, 'MSFT': 0.0, 'SPY': 0.0}"
2021-12-14,195349.68061642523,-0.008023202903873372,0.0,"{'AAPL': 1.0, 'AMZN': 0.0, 'GOOG': 0.0, 'MSFT': 0.0, 'SPY': 0.0}"
2021-12-15,200918.92235669974,0.02850909058412987,0.0,"{'AAPL': 1.0, 'AMZN': 0.0, 'GOOG': 0.0, 'MSFT': 0.0, 'SPY': 0.0}"
2021-12-16,193030.0782775338,-0.039263818393175276,0.0,"{'AAPL': 1.0, 'AMZN': 0.0, 'GOOG': 0.0, 'MSFT': 0.0, 'SPY': 0.0}"
2021-12-17,191775.0388688685,-0.00650178158691328,0.0,"{'AAPL': 1.0, 'AMZN': 0.0, 'GOOG': 0.0, 'MSFT': 0.0, 'SPY': 0.0}"
2021-12-20,190217.4471874666,-0.008121972966809943,0.0,"{'AAPL': 1.0, 'AMZN': 0.0, 'GOOG': 0.0, 'MSFT': 0.0, 'SPY': 0.0}"
2021-12-21,193848.07446030556,0.019086720626950937,0.0,"{'AAPL': 1.0, 'AMZN': 0.0, 'GOOG': 0.0, 'MSFT': 0.0, 'SPY': 0.0}"
2021-12-22,196817.61166238916,0.01531888934337422,0.0,"{'AAPL': 1.0, 'AMZN': 0.0, 'GOOG': 0.0, 'MSFT': 0.0, 'SPY': 0.0}"
2021-12-23,197534.77454487095,0.0036437942541034385,0.0,"{'AAPL': 1.0, 'AMZN': 0.0, 'GOOG': 0.0, 'MSFT': 0.0, 'SPY': 0.0}"
2021-12-27,202073.09355049732,0.022974785154071586,0.0,"{'AAPL': 1.0, 'AMZN': 0.0, 'GOOG': 0.0, 'MSFT': 0.0, 'SPY': 0.0}"
2021-12-28,200907.69731998112,-0.005767201412319456,0.0,"{'AAPL': 1.0, 'AMZN': 0.0, 'GOOG': 0.0, 'MSFT': 0.0, 'SPY': 0.0}"
2021-12-29,201008.58299213764,0.0005021493626291562,0.0,"{'AAPL': 1.0, 'AMZN': 0.0, 'GOOG': 0.0, 'MSFT': 0.0, 'SPY': 0.0}"
2021-12-30,199686.29810689387,-0.006578250866508983,0.0,"{'AAPL': 1.0, 'AMZN': 0.0, 'GOOG': 0.0, 'MSFT': 0.0, 'SPY': 0.0}"
2021-12-31,198980.30788926416,-0.0035354965479492684,0.0,"{'AAPL': 1.0, 'AMZN': 0.0, 'GOOG': 0.0, 'MSFT': 0.0, 'SPY': 0.0}"
2022-01-03,203955.67012078405,0.025004294567122498,0.0,"{'AAPL': 1.0, 'AMZN': 0.0, 'GOOG': 0.0, 'MSFT': 0.0, 'SPY': 0.0}"
2022-01-04,201367.1557047341,-0.012691554074064415,0.0,"{'AAPL': 1.0, 'AMZN': 0.0, 'GOOG': 0.0, 'MSFT': 0.0, 'SPY': 0.0}"
2022-01-05,196010.80560175824,-0.026599919357404578,0.0,"{'AAPL': 1.0, 'AMZN': 0.0, 'GOOG': 0.0, 'MSFT': 0.0, 'SPY': 0.0}"
2022-01-06,192738.71612693806,-0.016693413736935447,0.0,"{'AAPL': 1.0, 'AMZN': 0.0, 'GOOG': 0.0, 'MSFT': 0.0, 'SPY': 0.0}"
2022-01-07,192929.22751995485,0.0009884438209670776,0.0,"{'AAPL': 1.0, 'AMZN': 0.0, 'GOOG': 0.0, 'MSFT': 0.0, 'SPY': 0.0}"
2022-01-10,192951.66013610316,0.00011627380898526773,0.0,"{'AAPL': 1.0, 'AMZN': 0.0, 'GOOG': 0.0, 'MSFT': 0.0, 'SPY': 0.0}"
2022-01-11,196190.09195805644,0.016783643217523903,0.0,"{'AAPL': 1.0, 'AMZN': 0.0, 'GOOG': 0.0, 'MSFT': 0.0, 'SPY': 0.0}"
2022-01-12,196694.3282886619,0.002570141670116932,0.0,"{'AAPL': 1.0, 'AMZN': 0.0, 'GOOG': 0.0, 'MSFT': 0.0, 'SPY': 0.0}"
2022-01-13,192951.66013610314,-0.01902783972024935,0.0,"{'AAPL': 1.0, 'AMZN': 0.0, 'GOOG': 0.0, 'MSFT': 0.0, 'SPY': 0.0}"
2022-01-14,193937.7350957434,0.005110476680764142,0.0,"{'AAPL': 1.0, 'AMZN': 0.0, 'GOOG': 0.0, 'MSFT': 0.0, 'SPY': 0.0}"
2022-01-18,190273.4327127487,-0.01889422077238201,0.0,"{'AAPL': 1.0, 'AMZN': 0.0, 'GOOG': 0.0, 'MSFT': 0.0, 'SPY': 0.0}"
2022-01-19,186272.99023330584,-0.021024703356680607,0.0,"{'AAPL': 1.0, 'AMZN': 0.0, 'GOOG': 0.0, 'MSFT': 0.0, 'SPY': 0.0}"
2022-01-20,184345.61825987775,-0.010347028686306436,0.0,"{'AAPL': 1.0, 'AMZN': 0.0, 'GOOG': 0.0, 'MSFT': 0.0, 'SPY': 0.0}"
2022-01-21,181992.4106399859,-0.012765194215652365,0.0,"{'AAPL': 1.0, 'AMZN': 0.0, 'GOOG': 0.0, 'MSFT': 0.0, 'SPY': 0.0}"
2022-01-24,181107.1515233468,-0.004864263919171274,0.0,"{'AAPL': 1.0, 'AMZN': 0.0, 'GOOG': 0.0, 'MSFT': 0.0, 'SPY': 0.0}"
2022-01-25,179045.30605405063,-0.011384671736888285,0.0,"{'AAPL': 1.0, 'AMZN': 0.0, 'GOOG': 0.0, 'MSFT': 0.0, 'SPY': 0.0}"
2022-01-26,178944.4727537606,-0.0005631719842997818,0.0,"{'AAPL': 1.0, 'AMZN': 0.0, 'GOOG': 0.0, 'MSFT': 0.0, 'SPY': 0.0}"
2022-01-27,178417.786349718,-0.0029432951794347018,0.0,"{'AAPL': 1.0, 'AMZN': 0.0, 'GOOG': 0.0, 'MSFT': 0.0, 'SPY': 0.0}"
2022-01-28,190867.34713608102,0.06977757678239849,0.0,"{'AAPL': 1.0, 'AMZN': 0.0, 'GOOG': 0.0, 'MSFT': 0.0, 'SPY': 0.0}"
2022-01-31,195853.89948974183,0.02612574873849738,0.0,"{'AAPL': 1.0, 'AMZN': 0.0, 'GOOG': 0.0, 'MSFT': 0.0, 'SPY': 0.0}"
2022-02-01,195663.40555401385,-0.0009726328463424139,0.0,"{'AAPL': 1.0, 'AMZN': 0.0, 'GOOG': 0.0, 'MSFT': 0.0, 'SPY': 0.0}"
2022-02-02,197041.71087911748,0.0070442672772714765,0.0,"{'AAPL': 1.0, 'AMZN': 0.0, 'GOOG': 0.0, 'MSFT': 0.0, 'SPY': 0.0}"
2022-02-03,189492.9973531019,-0.03638299732758654,394.083421758235,"{'AAPL': 0.0, 'AMZN': 0.0, 'GOOG': 1.0, 'MSFT': 0.0, 'SPY': 0.0}"
2022-02-04,188943.59492979728,-0.001150536244011907,331.7655701764126,"{'AAPL': 0.8754032465859397, 'AMZN': 0.0, 'GOOG': 0.12459675341406033, 'MSFT': 0.0, 'SPY': 0.0}"
2022-02-07,185876.21884619203,-0.015561179882848993,129.20134049102194,"{'AAPL': 0.5334987206901897, 'AMZN': 0.0, 'GOOG': 0.4665012793098103, 'MSFT': 0.0, 'SPY': 0.0}"
2022-02-08,189132.1230255546,0.018466750332327253,173.42298777003774,"{'AAPL': 1.0, 'AMZN': 0.0, 'GOOG': 0.0, 'MSFT': 0.0, 'SPY': 0.0}"
2022-02-09,190700.73638908943,0.008293743751413896,0.0,"{'AAPL': 1.0, 'AMZN': 0.0, 'GOOG': 0.0, 'MSFT': 0.0, 'SPY': 0.0}"
2022-02-10,186200.43038132507,-0.02359878673243465,0.0,"{'AAPL': 1.0, 'AMZN': 0.0, 'GOOG': 0.0, 'MSFT': 0.0, 'SPY': 0.0}"
2022-02-11,182435.72801145804,-0.02021854816424007,0.0,"{'AAPL': 1.0, 'AMZN': 0.0, 'GOOG': 0.0, 'MSFT': 0.0, 'SPY': 0.0}"
2022-02-14,182695.35975560753,0.0014231408890104102,0.0,"{'AAPL': 1.0, 'AMZN': 0.0, 'GOOG': 0.0, 'MSFT': 0.0, 'SPY': 0.0}"
2022-02-15,186925.1942887049,0.023152391712387477,0.0,"{'AAPL': 1.0, 'AMZN': 0.0, 'GOOG': 0.0, 'MSFT': 0.0, 'SPY': 0.0}"
2022-02-16,186665.57937643508,-0.0013888706295462905,0.0,"{'AAPL': 1.0, 'AMZN': 0.0, 'GOOG': 0.0, 'MSFT': 0.0, 'SPY': 0.0}"
2022-02-17,182695.35975560755,-0.021269157570936392,0.0,"{'AAPL': 1.0, 'AMZN': 0.0, 'GOOG': 0.0, 'MSFT': 0.0, 'SPY': 0.0}"
2022-02-18,180986.1160373,-0.009355704056162262,0.0,"{'AAPL': 1.0, 'AMZN': 0.0, 'GOOG': 0.0, 'MSFT': 0.0, 'SPY': 0.0}"
2022-02-22,177762.32295300756,-0.017812377849072303,0.0,"{'AAPL': 1.0, 'AMZN': 0.0, 'GOOG': 0.0, 'MSFT': 0.0, 'SPY': 0.0}"
2022-02-23,173164.6781850217,-0.025864000265125142,0.0,"{'AAPL': 1.0, 'AMZN': 0.0, 'GOOG': 0.0, 'MSFT': 0.0, 'SPY': 0.0}"
2022-02-24,175864.07052728816,0.01619409623822703,103.18217918361742,"{'AAPL': 0.7020692087292476, 'AMZN': 0.0, 'GOOG': 0.0, 'MSFT': 0.0, 'SPY': 0.2979307912707524}"
2022-02-25,178025.0918799941,0.013771068008433127,257.27181510277813,"{'AAPL': 0.2685492428003984, 'AMZN': 0.052213723928916135, 'GOOG': 0.6792370332706855, 'MSFT': 0.0, 'SPY': 0.0}"
2022-02-28,177813.76698393252,-0.00016426549564122427,182.11143073176606,"{'AAPL': 0.0, 'AMZN': 0.06685597086502228, 'GOOG': 0.43630941399333106, 'MSFT': 0.0, 'SPY': 0.4968346151416467}"
2022-03-01,176539.3710324677,-0.006179497485531346,176.68806897269712,"{'AAPL': 0.014320540035913916, 'AMZN': 0.07013766385336374, 'GOOG': 0.9155417961107224, 'MSFT': 0.0, 'SPY': 0.0}"
2022-03-02,177277.16302606175,0.004348843375410194,29.820396386289982,"{'AAPL': 0.0, 'AMZN': 0.0, 'GOOG': 1.0, 'MSFT': 0.0, 'SPY': 0.0}"
2022-03-03,176617.8198277553,-0.0024722903264456277,221.6104684748464,"{'AAPL': 0.6250395276301527, 'AMZN': 0.0, 'GOOG': 0.3749604723698473, 'MSFT': 0.0, 'SPY': 0.0}"
2022-03-04,173479.46882048258,-0.01769224601644707,13.829767643025432,"{'AAPL': 0.6641912045575227, 'AMZN': 0.0, 'GOOG': 0.3358087954424773, 'MSFT': 0.0, 'SPY': 0.0}"
2022-03-07,167640.60335997475,-0.03210221062817284,278.7391558608985,"{'AAPL': 0.0, 'AMZN': 0.0, 'GOOG': 0.19662206209156913, 'MSFT': 0.0, 'SPY': 0.8033779379084309}"
2022-03-08,165351.8272217046,-0.011676227070414269,335.2812067199495,"{'AAPL': 1.0, 'AMZN': 0.0, 'GOOG': 0.0, 'MSFT': 0.0, 'SPY': 0.0}"
2022-03-09,170743.3470838322,0.03455964470257888,312.1913165959368,"{'AAPL': 0.05597863101521981, 'AMZN': 0.0, 'GOOG': 0.2922552178402908, 'MSFT': 0.0, 'SPY': 0.6517661511444894}"
2022-03-10,168993.6506195944,-0.008844553323414162,241.68542597413284,"{'AAPL': 0.0, 'AMZN': 0.0, 'GOOG': 1.0, 'MSFT': 0.0, 'SPY': 0.0}"
2022-03-11,166183.24327134184,-0.016630254083206952,0.0,"{'AAPL': 0.0, 'AMZN': 0.0, 'GOOG': 1.0, 'MSFT': 0.0, 'SPY': 0.0}"
2022-03-14,161426.73099563233,-0.02862209319108755,0.0,"{'AAPL': 0.0, 'AMZN': 0.0, 'GOOG': 1.0, 'MSFT': 0.0, 'SPY': 0.0}"
2022-03-15,164646.61335986617,0.021990382109116746,322.8534619912647,"{'AAPL': 0.0, 'AMZN': 0.0, 'GOOG': 0.0, 'MSFT': 0.0, 'SPY': 1.0}"
2022-03-16,168482.7767882169,0.02345591514390427,25.18287594817062,"{'AAPL': 0.0, 'AMZN': 0.07647553579838508, 'GOOG': 0.0, 'MSFT': 0.0, 'SPY': 0.9235244642016149}"
2022-03-17,171488.05895633833,0.019575442808446163,287.2203280003375,"{'AAPL': 0.0, 'AMZN': 0.611990989882482, 'GOOG': 0.3168575109026264, 'MSFT': 0.0, 'SPY': 0.07115149921489158}"
2022-03-18,175726.61534699178,0.025512151358369817,133.0778240052468,"{'AAPL': 0.0, 'AMZN': 1.0, 'GOOG': 0.0, 'MSFT': 0.0, 'SPY': 0.0}"
2022-03-21,175989.24796795627,0.0014945523217748669,0.0,"{'AAPL': 0.0, 'AMZN': 1.0, 'GOOG': 0.0, 'MSFT': 0.0, 'SPY': 0.0}"
2022-03-22,179691.76264133412,0.02103830044237709,0.0,"{'AAPL': 0.0, 'AMZN': 1.0, 'GOOG': 0.0, 'MSFT': 0.0, 'SPY': 0.0}"
2022-03-23,178077.80420406736,-0.008981816492546923,0.0,"{'AAPL': 0.0, 'AMZN': 1.0, 'GOOG': 0.0, 'MSFT': 0.0, 'SPY': 0.0}"
2022-03-24,178340.9855699028,0.0014779010051912955,0.0,"{'AAPL': 0.0, 'AMZN': 1.0, 'GOOG': 0.0, 'MSFT': 0.0, 'SPY': 0.0}"
2022-03-25,179565.88389366408,0.006868294014676479,0.0,"{'AAPL': 0.0, 'AMZN': 1.0, 'GOOG': 0.0, 'MSFT': 0.0, 'SPY': 0.0}"
2022-03-28,184161.45590156884,0.025592678900108856,0.0,"{'AAPL': 0.0, 'AMZN': 1.0, 'GOOG': 0.0, 'MSFT': 0.0, 'SPY': 0.0}"
2022-03-29,184515.0970279492,0.00192027764251268,0.0,"{'AAPL': 0.0, 'AMZN': 1.0, 'GOOG': 0.0, 'MSFT': 0.0, 'SPY': 0.0}"
2022-03-30,181230.50977401546,-0.01780118433038691,0.0,"{'AAPL': 0.0, 'AMZN': 1.0, 'GOOG': 0.0, 'MSFT': 0.0, 'SPY': 0.0}"
2022-03-31,177631.48618265678,-0.019770926153774463,16.24984019625601,"{'AAPL': 0.04483196625258814, 'AMZN': 0.9551680337474119, 'GOOG': 0.0, 'MSFT': 0.0, 'SPY': 0.0}"
2022-04-01,178119.10986908842,0.0028776715833260342,23.47384364735261,"{'AAPL': 0.110906523617983, 'AMZN': 0.889093476382017, 'GOOG': 0.0, 'MSFT': 0.0, 'SPY': 0.0}"
2022-04-04,183291.00845274332,0.029264484561530857,39.50914253102034,"{'AAPL': 0.0, 'AMZN': 1.0, 'GOOG': 0.0, 'MSFT': 0.0, 'SPY': 0.0}"
2022-04-05,178618.5377169347,-0.025492089193307588,0.0,"{'AAPL': 0.0, 'AMZN': 1.0, 'GOOG': 0.0, 'MSFT': 0.0, 'SPY': 0.0}"
2022-04-06,172864.2268233338,-0.032201917200888316,2.533102245184334,"{'AAPL': 0.007090815649825392, 'AMZN': 0.9929091843501746, 'GOOG': 0.0, 'MSFT': 0.0, 'SPY': 0.0}"
2022-04-07,172475.26045551652,-0.0009643183703053663,222.48476446838342,"{'AAPL': 0.6506154145703456, 'AMZN': 0.34938458542965445, 'GOOG': 0.0, 'MSFT': 0.0, 'SPY': 0.0}"
2022-04-08,170760.48834738779,-0.00924982807449521,120.52039474224462,"{'AAPL': 0.7120714999010693, 'AMZN': 0.0, 'GOOG': 0.0, 'MSFT': 0.0, 'SPY': 0.2879285000989307}"
2022-04-11,167602.79465659315,-0.017092144431649303,243.187354122727,"{'AAPL': 0.0, 'AMZN': 0.0, 'GOOG': 0.0, 'MSFT': 0.0, 'SPY': 1.0}"
2022-04-12,166981.8049417853,-0.003705127447786505,0.0,"{'AAPL': 0.0, 'AMZN': 0.0, 'GOOG': 0.0, 'MSFT': 0.0, 'SPY': 1.0}"
2022-04-13,168953.84762410162,0.012061767991593777,41.5519181131532,"{'AAPL': 0.12442049637575606, 'AMZN': 0.0, 'GOOG': 0.0, 'MSFT': 0.0, 'SPY': 0.875579503624244}"
2022-04-14,163600.23801069162,-0.029988171826814458,295.86505207623406,"{'AAPL': 1.0, 'AMZN': 0.0, 'GOOG': 0.0, 'MSFT': 0.0, 'SPY': 0.0}"
2022-04-18,163340.14912099694,0.00041103900154038087,327.2004760213833,"{'AAPL': 0.0, 'AMZN': 0.0, 'GOOG': 0.0, 'MSFT': 0.0, 'SPY': 1.0}"
2022-04-19,165976.88478103696,0.01614260593142247,0.0,"{'AAPL': 0.0, 'AMZN': 0.0, 'GOOG': 0.0, 'MSFT': 0.0, 'SPY': 1.0}"
2022-04-20,165384.32545171707,-0.003363551720200599,34.403209977206465,"{'AAPL': 0.0, 'AMZN': 0.10363855793110133, 'GOOG': 0.0, 'MSFT': 0.0, 'SPY': 0.8963614420688987}"
2022-04-21,162877.49601512204,-0.01495342229646024,34.2803859884478,"{'AAPL': 0.0, 'AMZN': 0.0, 'GOOG': 0.0, 'MSFT': 0.0, 'SPY': 1.0}"
2022-04-22,158408.26204868668,-0.027439235473146195,0.0,"{'AAPL': 0.0, 'AMZN': 0.0, 'GOOG': 0.0, 'MSFT': 0.0, 'SPY': 1.0}"
2022-04-25,159326.65005217132,0.005797601662988816,0.0,"{'AAPL': 0.0, 'AMZN': 0.0, 'GOOG': 0.0, 'MSFT': 0.0, 'SPY': 1.0}"
2022-04-26,154712.41941209536,-0.02896082129741029,0.0,"{'AAPL': 0.0, 'AMZN': 0.0, 'GOOG': 0.0, 'MSFT': 0.0, 'SPY': 1.0}"
2022-04-27,155147.45726697135,0.0028119129448633817,0.0,"{'AAPL': 0.0, 'AMZN': 0.0, 'GOOG': 0.0, 'MSFT': 0.0, 'SPY': 1.0}"
2022-04-28,158341.48971426242,0.022632340379943994,310.2949145339427,"{'AAPL': 0.0, 'AMZN': 0.0, 'GOOG': 0.0, 'MSFT': 1.0, 'SPY': 0.0}"
2022-04-29,151934.82925520244,-0.039671556927534594,130.1711271510909,"{'AAPL': 0.41104554272538807, 'AMZN': 0.0, 'GOOG': 0.0, 'MSFT': 0.5889544572746119, 'SPY': 0.0}"
2022-05-02,152108.62318751565,0.0022958788238572007,174.6290975331058,"{'AAPL': 0.9857297622330303, 'AMZN': 0.0, 'GOOG': 0.0, 'MSFT': 0.014270237766969621, 'SPY': 0.0}"
2022-05-03,150373.2804004931,-0.00945575811422572,299.8759939364468,"{'AAPL': 0.0, 'AMZN': 0.0, 'GOOG': 0.0, 'MSFT': 1.0, 'SPY': 0.0}"
2022-05-04,155879.83690490812,0.0382072350102016,230.00298114779096,"{'AAPL': 0.764773437592164, 'AMZN': 0.0, 'GOOG': 0.0, 'MSFT': 0.235226562407836, 'SPY': 0.0}"
2022-05-05,147125.54453194913,-0.05571627668584356,73.33415636767134,"{'AAPL': 1.0, 'AMZN': 0.0, 'GOOG': 0.0, 'MSFT': 0.0, 'SPY': 0.0}"
2022-05-06,145954.8651680044,-0.005968947452075213,294.25108906389823,"{'AAPL': 0.0, 'AMZN': 0.0, 'GOOG': 0.0, 'MSFT': 0.0, 'SPY': 1.0}"
2022-05-09,140885.52675878096,-0.033041678140654895,255.17618050498942,"{'AAPL': 0.8741612696886243, 'AMZN': 0.0, 'GOOG': 0.0, 'MSFT': 0.0, 'SPY': 0.12583873031137574}"
2022-05-10,142224.60722477193,0.010126672961318544,86.74277278651982,"{'AAPL': 0.5663128526718869, 'AMZN': 0.0, 'GOOG': 0.0, 'MSFT': 0.0, 'SPY': 0.43368714732811314}"
2022-05-11,134734.50393839253,-0.05184149726987275,123.36196837434537,"{'AAPL': 1.0, 'AMZN': 0.0, 'GOOG': 0.0, 'MSFT': 0.0, 'SPY': 0.0}"
2022-05-12,134324.6837802001,-0.0010437743193847382,269.46900787678504,"{'AAPL': 0.0, 'AMZN': 0.0, 'GOOG': 0.0, 'MSFT': 0.0, 'SPY': 1.0}"
2022-05-13,137536.08899616258,0.023907781694222363,0.0,"{'AAPL': 0.0, 'AMZN': 0.0, 'GOOG': 0.0, 'MSFT': 0.0, 'SPY': 1.0}"
2022-05-16,136978.02084543704,-0.0040576124768321176,0.0,"{'AAPL': 0.0, 'AMZN': 0.0, 'GOOG': 0.0, 'MSFT': 0.0, 'SPY': 1.0}"
2022-05-17,139795.713886636,0.020570402636919116,0.0,"{'AAPL': 0.0, 'AMZN': 0.0, 'GOOG': 0.0, 'MSFT': 0.0, 'SPY': 1.0}"
2022-05-18,134160.36083840186,-0.04031134354236343,0.0,"{'AAPL': 0.0, 'AMZN': 0.0, 'GOOG': 0.0, 'MSFT': 0.0, 'SPY': 1.0}"
2022-05-19,133338.6470269194,-0.006124862860738767,0.0,"{'AAPL': 0.0, 'AMZN': 0.0, 'GOOG': 0.0, 'MSFT': 0.0, 'SPY': 1.0}"
2022-05-20,133396.8752461936,0.0004366942411111463,0.0,"{'AAPL': 0.0, 'AMZN': 0.0, 'GOOG': 0.0, 'MSFT': 0.0, 'SPY': 1.0}"
2022-05-23,135892.76047568888,0.018710222596211024,0.0,"{'AAPL': 0.0, 'AMZN': 0.0, 'GOOG': 0.0, 'MSFT': 0.0, 'SPY': 1.0}"
2022-05-24,134855.3555978026,-0.007633996647465557,0.0,"{'AAPL': 0.0, 'AMZN': 0.0, 'GOOG': 0.0, 'MSFT': 0.0, 'SPY': 1.0}"
2022-05-25,136046.78776979016,0.008834889550407787,0.0,"{'AAPL': 0.0, 'AMZN': 0.0, 'GOOG': 0.0, 'MSFT': 0.0, 'SPY': 1.0}"
2022-05-26,138765.19112619414,0.01998138582297071,0.0,"{'AAPL': 0.0, 'AMZN': 0.0, 'GOOG': 0.0, 'MSFT': 0.0, 'SPY': 1.0}"
2022-05-27,142171.75117010612,0.02454909632786806,0.0,"{'AAPL': 0.0, 'AMZN': 0.0, 'GOOG': 0.0, 'MSFT': 0.0, 'SPY': 1.0}"
2022-05-31,141374.06420704583,-0.0056107275636343434,0.0,"{'AAPL': 0.0, 'AMZN': 0.0, 'GOOG': 0.0, 'MSFT': 0.0, 'SPY': 1.0}"
2022-06-01,140230.52056108392,-0.008088779596002627,0.0,"{'AAPL': 0.0, 'AMZN': 0.0, 'GOOG': 0.0, 'MSFT': 0.0, 'SPY': 1.0}"
2022-06-02,142587.43714234073,0.01715338754425736,47.69377367707865,"{'AAPL': 0.0, 'AMZN': 0.0, 'GOOG': 0.0, 'MSFT': 0.1700548977720703, 'SPY': 0.8299451022279297}"
2022-06-03,140199.6563149798,-0.016411553322984718,48.495384093644496,"{'AAPL': 0.0, 'AMZN': 0.0, 'GOOG': 0.0, 'MSFT': 0.0, 'SPY': 1.0}"
2022-06-06,140626.54059645912,0.003044831155079697,0.0,"{'AAPL': 0.0, 'AMZN': 0.0, 'GOOG': 0.0, 'MSFT': 0.0, 'SPY': 1.0}"
2022-06-07,141975.44484122412,0.00959210287790424,0.0,"{'AAPL': 0.0, 'AMZN': 0.0, 'GOOG': 0.0, 'MSFT': 0.0, 'SPY': 1.0}"
2022-06-08,140431.86923833273,-0.010872130773160182,0.0,"{'AAPL': 0.0, 'AMZN': 0.0, 'GOOG': 0.0, 'MSFT': 0.0, 'SPY': 1.0}"
2022-06-09,137092.0099188188,-0.023782773366391008,0.0,"{'AAPL': 0.0, 'AMZN': 0.0, 'GOOG': 0.0, 'MSFT': 0.0, 'SPY': 1.0}"
2022-06-10,133116.9205159581,-0.028995777399533518,0.0,"{'AAPL': 0.0, 'AMZN': 0.0, 'GOOG': 0.0, 'MSFT': 0.0, 'SPY': 1.0}"
2022-06-13,128062.7252908677,-0.03796809004821067,0.0,"{'AAPL': 0.0, 'AMZN': 0.0, 'GOOG': 0.0, 'MSFT': 0.0, 'SPY': 1.0}"
2022-06-14,127676.8423736338,-0.0030132336818340377,0.0,"{'AAPL': 0.0, 'AMZN': 0.0, 'GOOG': 0.0, 'MSFT': 0.0, 'SPY': 1.0}"
2022-06-15,129497.05911267552,0.014256436055295252,0.0,"{'AAPL': 0.0, 'AMZN': 0.0, 'GOOG': 0.0, 'MSFT': 0.0, 'SPY': 1.0}"
2022-06-16,124877.64952384992,-0.033739405420434784,258.99411822535103,"{'AAPL': 0.0, 'AMZN': 0.0, 'GOOG': 0.9614008119611858, 'MSFT': 0.03859918803881425, 'SPY': 0.0}"
2022-06-17,126171.82954540687,0.01124902207474604,109.34143041481005,"{'AAPL': 0.0, 'AMZN': 0.0, 'GOOG': 0.5236065756357842, 'MSFT': 0.4763934243642159, 'SPY': 0.0}"
2022-06-21,130394.29364112439,0.033747534843897496,34.36440425444905,"{'AAPL': 0.0, 'AMZN': 0.0, 'GOOG': 0.6597875455807509, 'MSFT': 0.3402124544192491, 'SPY': 0.0}"
2022-06-22,130327.6830385131,0.00016970051804299224,88.72352536382243,"{'AAPL': 0.0, 'AMZN': 0.0, 'GOOG': 1.0, 'MSFT': 0.0, 'SPY': 0.0}"
2022-06-23,131084.41354381968,0.005806368130422124,0.0,"{'AAPL': 0.0, 'AMZN': 0.0, 'GOOG': 1.0, 'MSFT': 0.0, 'SPY': 0.0}"
2022-06-24,137375.95200691078,0.04841241981781328,52.055084366181475,"{'AAPL': 0.0, 'AMZN': 0.0, 'GOOG': 0.8014444167735465, 'MSFT': 0.19855558322645353, 'SPY': 0.0}"
2022-06-27,135102.3562062909,-0.01615947915328564,54.553524544042915,"{'AAPL': 0.0, 'AMZN': 0.0, 'GOOG': 1.0, 'MSFT': 0.0, 'SPY': 0.0}"
2022-06-28,130409.45681081121,-0.03473588120338911,0.0,"{'AAPL': 0.0, 'AMZN': 0.0, 'GOOG': 1.0, 'MSFT': 0.0, 'SPY': 0.0}"
2022-06-29,130044.53623859897,-0.0027982677110728327,0.0,"{'AAPL': 0.0, 'AMZN': 0.0, 'GOOG': 1.0, 'MSFT': 0.0, 'SPY': 0.0}"
2022-06-30,127708.77412773698,-0.016519380795171526,190.6564224485688,"{'AAPL': 0.0, 'AMZN': 0.0, 'GOOG': 0.2669571980372852, 'MSFT': 0.7330428019627148, 'SPY': 0.0}"
2022-07-01,129007.27912420745,0.010707335062797751,68.18555301183441,"{'AAPL': 0.0, 'AMZN': 0.0, 'GOOG': 0.0, 'MSFT': 1.0, 'SPY': 0.0}"
2022-07-05,130632.43974603499,0.01259743351584719,0.0,"{'AAPL': 0.0, 'AMZN': 0.0, 'GOOG': 0.0, 'MSFT': 1.0, 'SPY': 0.0}"
2022-07-06,131987.60154768595,0.011917102678961325,199.2242205137783,"{'AAPL': 0.0, 'AMZN': 0.0, 'GOOG': 0.7625373180700518, 'MSFT': 0.23746268192994824, 'SPY': 0.0}"
2022-07-07,135650.84604730053,0.02784447307690068,11.5588675873265,"{'AAPL': 0.0, 'AMZN': 0.0, 'GOOG': 0.7187496158473154, 'MSFT': 0.28125038415268466, 'SPY': 0.0}"
2022-07-08,136554.66121791312,0.007229372556255775,76.30370512287989,"{'AAPL': 0.0, 'AMZN': 0.0, 'GOOG': 1.0, 'MSFT': 0.0, 'SPY': 0.0}"
2022-07-11,132411.47549587447,-0.030340859001707465,0.0,"{'AAPL': 0.0, 'AMZN': 0.0, 'GOOG': 1.0, 'MSFT': 0.0, 'SPY': 0.0}"
2022-07-12,130510.34587683588,-0.014357740610615122,0.0,"{'AAPL': 0.0, 'AMZN': 0.0, 'GOOG': 1.0, 'MSFT': 0.0, 'SPY': 0.0}"
2022-07-13,129120.76424393659,-0.009316613133394396,175.3004368111964,"{'AAPL': 0.6715959398982416, 'AMZN': 0.0, 'GOOG': 0.32840406010175843, 'MSFT': 0.0, 'SPY': 0.0}"
2022-07-14,131678.88492343115,0.020482106801768873,84.80756644230145,"{'AAPL': 1.0, 'AMZN': 0.0, 'GOOG': 0.0, 'MSFT': 0.0, 'SPY': 0.0}"
2022-07-15,133186.62969954297,0.011450163608148323,0.0,"{'AAPL': 1.0, 'AMZN': 0.0, 'GOOG': 0.0, 'MSFT': 0.0, 'SPY': 0.0}"
2022-07-18,130437.25733454904,-0.020643005767142508,0.0,"{'AAPL': 1.0, 'AMZN': 0.0, 'GOOG': 0.0, 'MSFT': 0.0, 'SPY': 0.0}"
2022-07-19,133922.7545115024,0.026721638036390605,0.0,"{'AAPL': 1.0, 'AMZN': 0.0, 'GOOG': 0.0, 'MSFT': 0.0, 'SPY': 0.0}"
2022-07-20,135732.04273116696,0.013509938817075184,0.0,"{'AAPL': 1.0, 'AMZN': 0.0, 'GOOG': 0.0, 'MSFT': 0.0, 'SPY': 0.0}"
2022-07-21,137512.84520796666,0.01515028639903937,271.4640854623339,"{'AAPL': 0.0, 'AMZN': 1.0, 'GOOG': 0.0, 'MSFT': 0.0, 'SPY': 0.0}"
2022-07-22,135074.40126421137,-0.017732481209791984,0.0,"{'AAPL': 0.0, 'AMZN': 1.0, 'GOOG': 0.0, 'MSFT': 0.0, 'SPY': 0.0}"
2022-07-25,133757.4749345172,-0.008445976784401066,177.59100192916236,"{'AAPL': 0.6573821548236467, 'AMZN': 0.34261784517635335, 'GOOG': 0.0, 'MSFT': 0.0, 'SPY': 0.0}"
2022-07-26,132042.4753390841,-0.01230306475820566,70.23684790789623,"{'AAPL': 0.9199351371608269, 'AMZN': 0.08006486283917316, 'GOOG': 0.0, 'MSFT': 0.0, 'SPY': 0.0}"
2022-07-27,136541.0192119623,0.03423452672256633,21.14392535393734,"{'AAPL': 1.0, 'AMZN': 0.0, 'GOOG': 0.0, 'MSFT': 0.0, 'SPY': 0.0}"
2022-07-28,137028.69982350012,0.0035716784183423833,0.0,"{'AAPL': 1.0, 'AMZN': 0.0, 'GOOG': 0.0, 'MSFT': 0.0, 'SPY': 0.0}"
2022-07-29,141522.28869262539,0.03279304901026747,0.0,"{'AAPL': 1.0, 'AMZN': 0.0, 'GOOG': 0.0, 'MSFT': 0.0, 'SPY': 0.0}"
2022-08-01,141699.75255272395,0.0032604850044939404,283.04457738525076,"{'AAPL': 0.0, 'AMZN': 1.0, 'GOOG': 0.0, 'MSFT': 0.0, 'SPY': 0.0}"
2022-08-02,140412.43376242253,-0.009084834427092181,0.0,"{'AAPL': 0.0, 'AMZN': 1.0, 'GOOG': 0.0, 'MSFT': 0.0, 'SPY': 0.0}"
2022-08-03,146022.23333102593,0.039952299225118226,0.0,"{'AAPL': 0.0, 'AMZN': 1.0, 'GOOG': 0.0, 'MSFT': 0.0, 'SPY': 0.0}"
2022-08-04,149214.37957275327,0.021860686341448332,0.0,"{'AAPL': 0.0, 'AMZN': 1.0, 'GOOG': 0.0, 'MSFT': 0.0, 'SPY': 0.0}"
2022-08-05,147361.88552920756,-0.012414983387324718,0.0,"{'AAPL': 0.0, 'AMZN': 1.0, 'GOOG': 0.0, 'MSFT': 0.0, 'SPY': 0.0}"
2022-08-08,145907.10622165495,-0.009872154542052702,0.0,"{'AAPL': 0.0, 'AMZN': 1.0, 'GOOG': 0.0, 'MSFT': 0.0, 'SPY': 0.0}"
2022-08-09,144253.4695461058,-0.011333489631663474,0.0,"{'AAPL': 0.0, 'AMZN': 1.0, 'GOOG': 0.0, 'MSFT': 0.0, 'SPY': 0.0}"
2022-08-10,149339.9669757347,0.0352608325167747,0.0,"{'AAPL': 0.0, 'AMZN': 1.0, 'GOOG': 0.0, 'MSFT': 0.0, 'SPY': 0.0}"
2022-08-11,147194.42501195637,-0.014366830308238487,0.0,"{'AAPL': 0.0, 'AMZN': 1.0, 'GOOG': 0.0, 'MSFT': 0.0, 'SPY': 0.0}"
2022-08-12,150240.04729356742,0.020691152408548463,0.0,"{'AAPL': 0.0, 'AMZN': 1.0, 'GOOG': 0.0, 'MSFT': 0.0, 'SPY': 0.0}"
2022-08-15,149852.79285118481,-0.0025775713556979163,0.0,"{'AAPL': 0.0, 'AMZN': 1.0, 'GOOG': 0.0, 'MSFT': 0.0, 'SPY': 0.0}"
2022-08-16,151527.36608386887,0.0111747882760318,0.0,"{'AAPL': 0.0, 'AMZN': 1.0, 'GOOG': 0.0, 'MSFT': 0.0, 'SPY': 0.0}"
2022-08-17,148722.4742845241,-0.01851079360669594,0.0,"{'AAPL': 0.0, 'AMZN': 1.0, 'GOOG': 0.0, 'MSFT': 0.0, 'SPY': 0.0}"
2022-08-18,148459.27010091514,-0.000655314938502827,165.85281034344845,"{'AAPL': 0.5575916186888874, 'AMZN': 0.44240838131111254, 'GOOG': 0.0, 'MSFT': 0.0, 'SPY': 0.0}"
2022-08-19,144717.8297615244,-0.024680683447352855,79.32180557897475,"{'AAPL': 0.2904415595344278, 'AMZN': 0.7095584404655721, 'GOOG': 0.0, 'MSFT': 0.0, 'SPY': 0.0}"
2022-08-22,141184.41953519988,-0.023029424255348263,205.3715151862988,"{'AAPL': 1.0, 'AMZN': 0.0, 'GOOG': 0.0, 'MSFT': 0.0, 'SPY': 0.0}"
2022-08-23,140897.96543769763,-0.002028935618004546,0.0,"{'AAPL': 1.0, 'AMZN': 0.0, 'GOOG': 0.0, 'MSFT': 0.0, 'SPY': 0.0}"
2022-08-24,141150.74673447132,0.0017940734345485154,0.0,"{'AAPL': 1.0, 'AMZN': 0.0, 'GOOG': 0.0, 'MSFT': 0.0, 'SPY': 0.0}"
2022-08-25,143257.07453656703,0.014922540977116316,0.0,"{'AAPL': 1.0, 'AMZN': 0.0, 'GOOG': 0.0, 'MSFT': 0.0, 'SPY': 0.0}"
2022-08-26,137856.4069675405,-0.03769913343894227,0.0,"{'AAPL': 1.0, 'AMZN': 0.0, 'GOOG': 0.0, 'MSFT': 0.0, 'SPY': 0.0}"
2022-08-29,135969.10923105341,-0.013690315727809876,0.0,"{'AAPL': 1.0, 'AMZN': 0.0, 'GOOG': 0.0, 'MSFT': 0.0, 'SPY': 0.0}"
2022-08-30,133888.0229577647,-0.015305581429913673,0.0,"{'AAPL': 1.0, 'AMZN': 0.0, 'GOOG': 0.0, 'MSFT': 0.0, 'SPY': 0.0}"
2022-08-31,132384.4831604778,-0.011050728577047883,24.247548945121082,"{'AAPL': 0.9094484016962069, 'AMZN': 0.09055159830379311, 'GOOG': 0.0, 'MSFT': 0.0, 'SPY': 0.0}"
2022-09-01,132983.51604941435,0.004706903530878215,23.9752530816057,"{'AAPL': 1.0, 'AMZN': 0.0, 'GOOG': 0.0, 'MSFT': 0.0, 'SPY': 0.0}"
2022-09-02,131173.62629912866,-0.013609661723763987,0.02948327381210267,"{'AAPL': 0.9998891468856894, 'AMZN': 0.00011085311431061858, 'GOOG': 0.0, 'MSFT': 0.0, 'SPY': 0.0}"
2022-09-06,129545.01493450791,-0.01066347405876421,232.32216476319113,"{'AAPL': 0.11433703051207063, 'AMZN': 0.8856629694879293, 'GOOG': 0.0, 'MSFT': 0.0, 'SPY': 0.0}"
2022-09-07,132281.59031040836,0.021501544612033848,47.81445729387655,"{'AAPL': 0.29888468492412723, 'AMZN': 0.7011153150758728, 'GOOG': 0.0, 'MSFT': 0.0, 'SPY': 0.0}"
2022-09-08,132549.6773031734,0.0026259778181887405,79.07388288237777,"{'AAPL': 0.0, 'AMZN': 1.0, 'GOOG': 0.0, 'MSFT': 0.0, 'SPY': 0.0}"
2022-09-09,136072.2158672359,0.02657523304266962,0.0,"{'AAPL': 0.0, 'AMZN': 1.0, 'GOOG': 0.0, 'MSFT': 0.0, 'SPY': 0.0}"
2022-09-12,139319.07289404664,0.023861278411006825,0.0,"{'AAPL': 0.0, 'AMZN': 1.0, 'GOOG': 0.0, 'MSFT': 0.0, 'SPY': 0.0}"
2022-09-13,129486.58979162989,-0.0705752837581286,0.0,"{'AAPL': 0.0, 'AMZN': 1.0, 'GOOG': 0.0, 'MSFT': 0.0, 'SPY': 0.0}"
2022-09-14,130033.05605526164,0.005821273690509272,206.11078749147077,"{'AAPL': 0.0, 'AMZN': 0.2041230376707553, 'GOOG': 0.0, 'MSFT': 0.0, 'SPY': 0.7958769623292448}"
2022-09-15,127759.77285435997,-0.016330848498925937,152.2189268437891,"{'AAPL': 0.0, 'AMZN': 0.7894316178947672, 'GOOG': 0.0, 'MSFT': 0.0, 'SPY': 0.21056838210523274}"
2022-09-16,126207.26709596578,-0.011071659383250249,139.5379875383372,"{'AAPL': 0.0, 'AMZN': 0.2433364565586406, 'GOOG': 0.0, 'MSFT': 0.0, 'SPY': 0.7566635434413594}"
2022-09-19,127124.12440928008,0.007755142218553113,61.42165833416446,"{'AAPL': 0.0, 'AMZN': 0.0, 'GOOG': 0.0, 'MSFT': 0.0, 'SPY': 1.0}"
2022-09-20,125664.93366685805,-0.011478472313595778,0.0,"{'AAPL': 0.0, 'AMZN': 0.0, 'GOOG': 0.0, 'MSFT': 0.0, 'SPY': 1.0}"
2022-09-21,122871.7626087192,-0.020267667252974464,251.3298673337161,"{'AAPL': 1.0, 'AMZN': 0.0, 'GOOG': 0.0, 'MSFT': 0.0, 'SPY': 0.0}"
2022-09-22,122088.38984050788,-0.00637553129848023,0.0,"{'AAPL': 1.0, 'AMZN': 0.0, 'GOOG': 0.0, 'MSFT': 0.0, 'SPY': 0.0}"
2022-09-23,120241.9967566622,-0.01512341252315419,0.0,"{'AAPL': 1.0, 'AMZN': 0.0, 'GOOG': 0.0, 'MSFT': 0.0, 'SPY': 0.0}"
2022-09-26,120513.75712713796,0.002260111922673058,0.0,"{'AAPL': 1.0, 'AMZN': 0.0, 'GOOG': 0.0, 'MSFT': 0.0, 'SPY': 0.0}"
2022-09-27,121305.07907840464,0.006566237499606498,0.0,"{'AAPL': 1.0, 'AMZN': 0.0, 'GOOG': 0.0, 'MSFT': 0.0, 'SPY': 0.0}"
2022-09-28,119770.36589741409,-0.012651681138582838,0.0,"{'AAPL': 1.0, 'AMZN': 0.0, 'GOOG': 0.0, 'MSFT': 0.0, 'SPY': 0.0}"
2022-09-29,113887.32557293048,-0.04911933165105764,0.0,"{'AAPL': 1.0, 'AMZN': 0.0, 'GOOG': 0.0, 'MSFT': 0.0, 'SPY': 0.0}"
2022-09-30,111901.97973226725,-0.015463471175658938,227.77465114586096,"{'AAPL': 0.0, 'AMZN': 0.0, 'GOOG': 0.0, 'MSFT': 0.0, 'SPY': 1.0}"
2022-10-03,114856.3080228765,0.026401036850980386,0.0,"{'AAPL': 0.0, 'AMZN': 0.0, 'GOOG': 0.0, 'MSFT': 0.0, 'SPY': 1.0}"
2022-10-04,118415.32473444771,0.03098668913214886,0.0,"{'AAPL': 0.0, 'AMZN': 0.0, 'GOOG': 0.0, 'MSFT': 0.0, 'SPY': 1.0}"
2022-10-05,118139.64884406235,-0.0023280423459005606,0.0,"{'AAPL': 0.0, 'AMZN': 0.0, 'GOOG': 0.0, 'MSFT': 0.0, 'SPY': 1.0}"
2022-10-06,116920.92959700935,-0.010315920683509394,0.0,"{'AAPL': 0.0, 'AMZN': 0.0, 'GOOG': 0.0, 'MSFT': 0.0, 'SPY': 1.0}"
2022-10-07,113659.5509217846,-0.02789388252783931,0.0,"{'AAPL': 0.0, 'AMZN': 0.0, 'GOOG': 0.0, 'MSFT': 0.0, 'SPY': 1.0}"
2022-10-10,112791.71642437504,-0.007635385591192034,0.0,"{'AAPL': 0.0, 'AMZN': 0.0, 'GOOG': 0.0, 'MSFT': 0.0, 'SPY': 1.0}"
2022-10-11,112077.38713551896,-0.00633317154398505,0.0,"{'AAPL': 0.0, 'AMZN': 0.0, 'GOOG': 0.0, 'MSFT': 0.0, 'SPY': 1.0}"
2022-10-12,111707.717656846,-0.003298341334688426,0.0,"{'AAPL': 0.0, 'AMZN': 0.0, 'GOOG': 0.0, 'MSFT': 0.0, 'SPY': 1.0}"
2022-10-13,114655.82100799493,0.02639122356975543,0.0,"{'AAPL': 0.0, 'AMZN': 0.0, 'GOOG': 0.0, 'MSFT': 0.0, 'SPY': 1.0}"
2022-10-14,112042.9451350058,-0.022788863661854064,0.0,"{'AAPL': 0.0, 'AMZN': 0.0, 'GOOG': 0.0, 'MSFT': 0.0, 'SPY': 1.0}"
2022-10-17,114922.12451761981,0.025697105508470486,0.0,"{'AAPL': 0.0, 'AMZN': 0.0, 'GOOG': 0.0, 'MSFT': 0.0, 'SPY': 1.0}"
2022-10-18,116272.38682726516,0.011749367802875277,0.0,"{'AAPL': 0.0, 'AMZN': 0.0, 'GOOG': 0.0, 'MSFT': 0.0, 'SPY': 1.0}"
2022-10-19,115448.44664614639,-0.007086292830152496,0.0,"{'AAPL': 0.0, 'AMZN': 0.0, 'GOOG': 0.0, 'MSFT': 0.0, 'SPY': 1.0}"
2022-10-20,114480.35365348034,-0.00838550037518726,0.0,"{'AAPL': 0.0, 'AMZN': 0.0, 'GOOG': 0.0, 'MSFT': 0.0, 'SPY': 1.0}"
2022-10-21,117262.38201462945,0.0243013606471727,0.0,"{'AAPL': 0.0, 'AMZN': 0.0, 'GOOG': 0.0, 'MSFT': 0.0, 'SPY': 1.0}"
2022-10-24,118697.28551555623,0.012236690712523313,0.0,"{'AAPL': 0.0, 'AMZN': 0.0, 'GOOG': 0.0, 'MSFT': 0.0, 'SPY': 1.0}"
2022-10-25,120592.7246258977,0.0159686811885269,0.0,"{'AAPL': 0.0, 'AMZN': 0.0, 'GOOG': 0.0, 'MSFT': 0.0, 'SPY': 1.0}"
2022-10-26,119684.15324537465,-0.007534213886796315,0.0,"{'AAPL': 0.0, 'AMZN': 0.0, 'GOOG': 0.0, 'MSFT': 0.0, 'SPY': 1.0}"
2022-10-27,119045.06279140807,-0.005339808459490225,0.0,"{'AAPL': 0.0, 'AMZN': 0.0, 'GOOG': 0.0, 'MSFT': 0.0, 'SPY': 1.0}"
2022-10-28,121877.19042455399,0.02379038295866498,0.0,"{'AAPL': 0.0, 'AMZN': 0.0, 'GOOG': 0.0, 'MSFT': 0.0, 'SPY': 1.0}"
2022-10-31,120405.3386937632,-0.011132222021364302,116.38339341970934,"{'AAPL': 0.47746175069466545, 'AMZN': 0.0, 'GOOG': 0.0, 'MSFT': 0.0, 'SPY': 0.5225382493053345}"
2022-11-01,119763.99267575612,-0.004375813048261734,114.97788761141665,"{'AAPL': 0.0, 'AMZN': 0.0, 'GOOG': 0.0, 'MSFT': 0.0, 'SPY': 1.0}"
2022-11-02,116758.36300381777,-0.02509627146512783,0.0,"{'AAPL': 0.0, 'AMZN': 0.0, 'GOOG': 0.0, 'MSFT': 0.0, 'SPY': 1.0}"
2022-11-03,115556.11709516394,-0.010296871913273775,0.0,"{'AAPL': 0.0, 'AMZN': 0.0, 'GOOG': 0.0, 'MSFT': 0.0, 'SPY': 1.0}"
2022-11-04,117219.34860134314,0.014393279628887923,0.0,"{'AAPL': 0.0, 'AMZN': 0.0, 'GOOG': 0.0, 'MSFT': 0.0, 'SPY': 1.0}"
2022-11-07,118340.59645879302,0.009565382087757479,0.0,"{'AAPL': 0.0, 'AMZN': 0.0, 'GOOG': 0.0, 'MSFT': 0.0, 'SPY': 1.0}"
2022-11-08,118979.11420877327,0.005395593474151417,0.0,"{'AAPL': 0.0, 'AMZN': 0.0, 'GOOG': 0.0, 'MSFT': 0.0, 'SPY': 1.0}"
2022-11-09,116527.88510535883,-0.02060217980034096,0.0,"{'AAPL': 0.0, 'AMZN': 0.0, 'GOOG': 0.0, 'MSFT': 0.0, 'SPY': 1.0}"
2022-11-10,122931.58864949488,0.05495425870250825,0.0,"{'AAPL': 0.0, 'AMZN': 0.0, 'GOOG': 0.0, 'MSFT': 0.0, 'SPY': 1.0}"
2022-11-11,124121.37790421079,0.009678466436387367,0.0,"{'AAPL': 0.0, 'AMZN': 0.0, 'GOOG': 0.0, 'MSFT': 0.0, 'SPY': 1.0}"
2022-11-14,123065.51257963122,-0.008506716106506884,0.0,"{'AAPL': 0.0, 'AMZN': 0.0, 'GOOG': 0.0, 'MSFT': 0.0, 'SPY': 1.0}"
2022-11-15,124115.15951077768,0.008529172057584189,0.0,"{'AAPL': 0.0, 'AMZN': 0.0, 'GOOG': 0.0, 'MSFT': 0.0, 'SPY': 1.0}"
2022-11-16,123168.29487492278,-0.007628920106030113,0.0,"{'AAPL': 0.0, 'AMZN': 0.0, 'GOOG': 0.0, 'MSFT': 0.0, 'SPY': 1.0}"
2022-11-17,122791.44632592543,-0.0030596230091521903,0.0,"{'AAPL': 0.0, 'AMZN': 0.0, 'GOOG': 0.0, 'MSFT': 0.0, 'SPY': 1.0}"
2022-11-18,123348.93622409421,0.004540136262334071,0.0,"{'AAPL': 0.0, 'AMZN': 0.0, 'GOOG': 0.0, 'MSFT': 0.0, 'SPY': 1.0}"
2022-11-21,122900.43708111426,-0.0036360195451150545,0.0,"{'AAPL': 0.0, 'AMZN': 0.0, 'GOOG': 0.0, 'MSFT': 0.0, 'SPY': 1.0}"
2022-11-22,124554.32113007212,0.01345710469578143,0.0,"{'AAPL': 0.0, 'AMZN': 0.0, 'GOOG': 0.0, 'MSFT': 0.0, 'SPY': 1.0}"
2022-11-23,125339.19959705496,0.006301495282232672,0.0,"{'AAPL': 0.0, 'AMZN': 0.0, 'GOOG': 0.0, 'MSFT': 0.0, 'SPY': 1.0}"
2022-11-25,125311.17709246256,-0.00022357334882050495,0.0,"{'AAPL': 0.0, 'AMZN': 0.0, 'GOOG': 0.0, 'MSFT': 0.0, 'SPY': 1.0}"
2022-11-28,123311.57619581629,-0.015957083342779788,0.0,"{'AAPL': 0.0, 'AMZN': 0.0, 'GOOG': 0.0, 'MSFT': 0.0, 'SPY': 1.0}"
2022-11-29,123099.8031453359,-0.0017173817496590749,0.0,"{'AAPL': 0.0, 'AMZN': 0.0, 'GOOG': 0.0, 'MSFT': 0.0, 'SPY': 1.0}"
2022-11-30,126977.49792828667,0.03150041416697169,0.0,"{'AAPL': 0.0, 'AMZN': 0.0, 'GOOG': 0.0, 'MSFT': 0.0, 'SPY': 1.0}"
2022-12-01,126884.06309021647,-0.000735837763341074,0.0,"{'AAPL': 0.0, 'AMZN': 0.0, 'GOOG': 0.0, 'MSFT': 0.0, 'SPY': 1.0}"
2022-12-02,126737.70237321388,-0.0011534996077365856,0.0,"{'AAPL': 0.0, 'AMZN': 0.0, 'GOOG': 0.0, 'MSFT': 0.0, 'SPY': 1.0}"
2022-12-05,124457.72742760617,-0.017989713423190334,0.0,"{'AAPL': 0.0, 'AMZN': 0.0, 'GOOG': 0.0, 'MSFT': 0.0, 'SPY': 1.0}"
2022-12-06,122663.71098861468,-0.014414664931392207,0.0,"{'AAPL': 0.0, 'AMZN': 0.0, 'GOOG': 0.0, 'MSFT': 0.0, 'SPY': 1.0}"
2022-12-07,122455.06700192252,-0.0017009430499907996,0.0,"{'AAPL': 0.0, 'AMZN': 0.0, 'GOOG': 0.0, 'MSFT': 0.0, 'SPY': 1.0}"
2022-12-08,123414.35849110785,0.007833824378784326,0.0,"{'AAPL': 0.0, 'AMZN': 0.0, 'GOOG': 0.0, 'MSFT': 0.0, 'SPY': 1.0}"
2022-12-09,122492.42703020044,-0.007470212317101099,0.0,"{'AAPL': 0.0, 'AMZN': 0.0, 'GOOG': 0.0, 'MSFT': 0.0, 'SPY': 1.0}"
2022-12-12,124258.4110310637,0.014417087192074796,0.0,"{'AAPL': 0.0, 'AMZN': 0.0, 'GOOG': 0.0, 'MSFT': 0.0, 'SPY': 1.0}"
2022-12-13,126175.69908298542,0.017464774789128334,248.5168220621274,"{'AAPL': 0.0, 'AMZN': 0.0, 'GOOG': 0.0, 'MSFT': 1.0, 'SPY': 0.0}"
2022-12-14,126323.03400059971,0.0011676964636224696,0.0,"{'AAPL': 0.0, 'AMZN': 0.0, 'GOOG': 0.0, 'MSFT': 1.0, 'SPY': 0.0}"
2022-12-15,122291.02775893794,-0.0319182188233591,0.0,"{'AAPL': 0.0, 'AMZN': 0.0, 'GOOG': 0.0, 'MSFT': 1.0, 'SPY': 0.0}"
2022-12-16,120169.43410229051,-0.01734872701233281,0.0,"{'AAPL': 0.0, 'AMZN': 0.0, 'GOOG': 0.0, 'MSFT': 1.0, 'SPY': 0.0}"
2022-12-19,118087.14868347967,-0.017327912329506034,0.0,"{'AAPL': 0.0, 'AMZN': 0.0, 'GOOG': 0.0, 'MSFT': 1.0, 'SPY': 0.0}"
2022-12-20,118750.14046695532,0.0056144279108027995,0.0,"{'AAPL': 0.0, 'AMZN': 0.0, 'GOOG': 0.0, 'MSFT': 1.0, 'SPY': 0.0}"
2022-12-21,120041.74946714731,0.010876694504217577,0.0,"{'AAPL': 0.0, 'AMZN': 0.0, 'GOOG': 0.0, 'MSFT': 1.0, 'SPY': 0.0}"
2022-12-22,116977.2414947669,-0.025528684694978487,0.0,"{'AAPL': 0.0, 'AMZN': 0.0, 'GOOG': 0.0, 'MSFT': 1.0, 'SPY': 0.0}"
2022-12-23,117414.83197403522,0.0057523218631843065,233.9544829895338,"{'AAPL': 0.0, 'AMZN': 0.0, 'GOOG': 0.0, 'MSFT': 0.0, 'SPY': 1.0}"
2022-12-27,116951.80930120467,-0.00394347685931995,0.0,"{'AAPL': 0.0, 'AMZN': 0.0, 'GOOG': 0.0, 'MSFT': 0.0, 'SPY': 1.0}"
2022-12-28,115498.33495839692,-0.012427976544290842,0.0,"{'AAPL': 0.0, 'AMZN': 0.0, 'GOOG': 0.0, 'MSFT': 0.0, 'SPY': 1.0}"
2022-12-29,117577.35669961825,0.01800044772914,0.0,"{'AAPL': 0.0, 'AMZN': 0.0, 'GOOG': 0.0, 'MSFT': 0.0, 'SPY': 1.0}"
2022-12-30,116762.83193298356,-0.004937439756784845,235.1547133992365,"{'AAPL': 0.0, 'AMZN': 0.0, 'GOOG': 0.0, 'MSFT': 1.0, 'SPY': 0.0}"
